Domain,Area,Element,Item,Year,Unit,Value
Pesticides Use,Sri Lanka,Use,Pesticides (total),1990,tonnes of active ingredients,1571.33
Pesticides Use,Sri Lanka,Use,Pesticides (total),1991,tonnes of active ingredients,1409.15
Pesticides Use,Sri Lanka,Use,Pesticides (total),1992,tonnes of active ingredients,2144.31
Pesticides Use,Sri Lanka,Use,Pesticides (total),1993,tonnes of active ingredients,1753.2
Pesticides Use,Sri Lanka,Use,Pesticides (total),1994,tonnes of active ingredients,1860.7
Pesticides Use,Sri Lanka,Use,Pesticides (total),1995,tonnes of active ingredients,1735.5
Pesticides Use,Sri Lanka,Use,Pesticides (total),1996,tonnes of active ingredients,1654.41
Pesticides Use,Sri Lanka,Use,Pesticides (total),1997,tonnes of active ingredients,1622.4
Pesticides Use,Sri Lanka,Use,Pesticides (total),1998,tonnes of active ingredients,1532.41
Pesticides Use,Sri Lanka,Use,Pesticides (total),1999,tonnes of active ingredients,1766.91
Pesticides Use,Sri Lanka,Use,Pesticides (total),2000,tonnes of active ingredients,1695.71
Pesticides Use,Sri Lanka,Use,Pesticides (total),2001,tonnes of active ingredients,1705.05
Pesticides Use,Sri Lanka,Use,Pesticides (total),2002,tonnes of active ingredients,1714.39
Pesticides Use,Sri Lanka,Use,Pesticides (total),2003,tonnes of active ingredients,1723.73
Pesticides Use,Sri Lanka,Use,Pesticides (total),2004,tonnes of active ingredients,1733.07
Pesticides Use,Sri Lanka,Use,Pesticides (total),2005,tonnes of active ingredients,1742.41
Pesticides Use,Sri Lanka,Use,Pesticides (total),2006,tonnes of active ingredients,1751.75
Pesticides Use,Sri Lanka,Use,Pesticides (total),2007,tonnes of active ingredients,1439.8
Pesticides Use,Sri Lanka,Use,Pesticides (total),2008,tonnes of active ingredients,1152.39
Pesticides Use,Sri Lanka,Use,Pesticides (total),2009,tonnes of active ingredients,1170.36
Pesticides Use,Sri Lanka,Use,Pesticides (total),2010,tonnes of active ingredients,1450.54
Pesticides Use,Sri Lanka,Use,Pesticides (total),2011,tonnes of active ingredients,1290.31
Pesticides Use,Sri Lanka,Use,Pesticides (total),2012,tonnes of active ingredients,1112.8
Pesticides Use,Sri Lanka,Use,Pesticides (total),2013,tonnes of active ingredients,1235.31
Pesticides Use,Sri Lanka,Use,Pesticides (total),2014,tonnes of active ingredients,933.34
Pesticides Use,Sri Lanka,Use,Pesticides (total),2015,tonnes of active ingredients,2539.92
Pesticides Use,Sri Lanka,Use,Pesticides (total),2016,tonnes of active ingredients,1924.19
