Area,Year,average_rain_fall_mm_per_year
Sri Lanka,1985,1712
Sri Lanka,1986,1712
Sri Lanka,1987,1712
Sri Lanka,1989,1712
Sri Lanka,1990,1712
Sri Lanka,1991,1712
Sri Lanka,1992,1712
Sri Lanka,1993,1712
Sri Lanka,1994,1712
Sri Lanka,1995,1712
Sri Lanka,1996,1712
Sri Lanka,1997,1712
Sri Lanka,1998,1712
Sri Lanka,1999,1712
Sri Lanka,2000,1712
Sri Lanka,2001,1712
Sri Lanka,2002,1712
Sri Lanka,2004,1712
Sri Lanka,2005,1712
Sri Lanka,2006,1712
Sri Lanka,2007,1712
Sri Lanka,2008,1712
Sri Lanka,2009,1712
Sri Lanka,2010,1712
Sri Lanka,2011,1712
Sri Lanka,2012,1712
Sri Lanka,2013,1712
Sri Lanka,2014,1712
Sri Lanka,2015,1712
Sri Lanka,2016,1712
Sri Lanka,2017,1712
