year,country,avg_temp
1796,Sri Lanka,25.63
1797,Sri Lanka,26.02
1798,Sri Lanka,26.07
1799,Sri Lanka,25.93
1800,Sri Lanka,25.94
1801,Sri Lanka,25.94
1802,Sri Lanka,26.48
1803,Sri Lanka,26.26
1804,Sri Lanka,26.66
1805,Sri Lanka,26.08
1806,Sri Lanka,25.96
1807,Sri Lanka,25.66
1808,Sri Lanka,
1809,Sri Lanka,
1810,Sri Lanka,
1811,Sri Lanka,
1812,Sri Lanka,
1813,Sri Lanka,25.31
1814,Sri Lanka,25.14
1815,Sri Lanka,24.86
1816,Sri Lanka,24.37
1817,Sri Lanka,24.66
1818,Sri Lanka,25.14
1819,Sri Lanka,24.91
1820,Sri Lanka,24.99
1821,Sri Lanka,25.48
1822,Sri Lanka,25.44
1823,Sri Lanka,25.6
1824,Sri Lanka,26.14
1825,Sri Lanka,25.79
1826,Sri Lanka,25.94
1827,Sri Lanka,25.85
1828,Sri Lanka,25.68
1829,Sri Lanka,25.52
1830,Sri Lanka,25.57
1831,Sri Lanka,25.42
1832,Sri Lanka,25.55
1833,Sri Lanka,25.55
1834,Sri Lanka,25.68
1835,Sri Lanka,24.94
1836,Sri Lanka,25.19
1837,Sri Lanka,25.11
1838,Sri Lanka,25.26
1839,Sri Lanka,25.22
1840,Sri Lanka,25.22
1841,Sri Lanka,25.23
1842,Sri Lanka,25.34
1843,Sri Lanka,25.22
1844,Sri Lanka,25.4
1845,Sri Lanka,25.53
1846,Sri Lanka,25.99
1847,Sri Lanka,25.42
1848,Sri Lanka,25.41
1849,Sri Lanka,25.44
1850,Sri Lanka,25.42
1851,Sri Lanka,25.58
1852,Sri Lanka,25.53
1853,Sri Lanka,25.77
1854,Sri Lanka,25.64
1855,Sri Lanka,25.62
1856,Sri Lanka,25.32
1857,Sri Lanka,25.23
1858,Sri Lanka,25.7
1859,Sri Lanka,25.56
1860,Sri Lanka,25.51
1861,Sri Lanka,25.23
1862,Sri Lanka,24.64
1863,Sri Lanka,
1864,Sri Lanka,
1865,Sri Lanka,26.28
1866,Sri Lanka,26.06
1867,Sri Lanka,26.09
1868,Sri Lanka,26.41
1869,Sri Lanka,26.12
1870,Sri Lanka,25.43
1871,Sri Lanka,25.41
1872,Sri Lanka,25.6
1873,Sri Lanka,25.56
1874,Sri Lanka,25.54
1875,Sri Lanka,25.68
1876,Sri Lanka,25.68
1877,Sri Lanka,25.79
1878,Sri Lanka,26.11
1879,Sri Lanka,25.57
1880,Sri Lanka,25.64
1881,Sri Lanka,25.85
1882,Sri Lanka,25.6
1883,Sri Lanka,25.44
1884,Sri Lanka,25.43
1885,Sri Lanka,25.57
1886,Sri Lanka,25.67
1887,Sri Lanka,25.38
1888,Sri Lanka,25.9
1889,Sri Lanka,26.04
1890,Sri Lanka,25.64
1891,Sri Lanka,25.63
1892,Sri Lanka,25.76
1893,Sri Lanka,25.51
1894,Sri Lanka,25.77
1895,Sri Lanka,25.89
1896,Sri Lanka,26.03
1897,Sri Lanka,26.25
1898,Sri Lanka,26.0
1899,Sri Lanka,25.75
1900,Sri Lanka,26.23
1901,Sri Lanka,26.08
1902,Sri Lanka,26.01
1903,Sri Lanka,25.99
1904,Sri Lanka,25.51
1905,Sri Lanka,25.98
1906,Sri Lanka,26.08
1907,Sri Lanka,25.65
1908,Sri Lanka,25.7
1909,Sri Lanka,25.72
1910,Sri Lanka,25.57
1911,Sri Lanka,25.83
1912,Sri Lanka,25.94
1913,Sri Lanka,26.02
1914,Sri Lanka,26.32
1915,Sri Lanka,26.37
1916,Sri Lanka,25.88
1917,Sri Lanka,25.66
1918,Sri Lanka,25.84
1919,Sri Lanka,26.16
1920,Sri Lanka,25.9
1921,Sri Lanka,26.02
1922,Sri Lanka,25.85
1923,Sri Lanka,25.81
1924,Sri Lanka,25.97
1925,Sri Lanka,25.84
1926,Sri Lanka,26.25
1927,Sri Lanka,25.95
1928,Sri Lanka,26.12
1929,Sri Lanka,25.85
1930,Sri Lanka,25.91
1931,Sri Lanka,26.24
1932,Sri Lanka,25.82
1933,Sri Lanka,25.67
1934,Sri Lanka,25.81
1935,Sri Lanka,25.99
1936,Sri Lanka,26.03
1937,Sri Lanka,26.16
1938,Sri Lanka,26.1
1939,Sri Lanka,25.94
1940,Sri Lanka,26.26
1941,Sri Lanka,26.5
1942,Sri Lanka,26.24
1943,Sri Lanka,25.75
1944,Sri Lanka,26.04
1945,Sri Lanka,26.08
1946,Sri Lanka,26.16
1947,Sri Lanka,26.09
1948,Sri Lanka,26.26
1949,Sri Lanka,26.01
1950,Sri Lanka,25.94
1951,Sri Lanka,25.99
1952,Sri Lanka,26.23
1953,Sri Lanka,26.2
1954,Sri Lanka,26.01
1955,Sri Lanka,25.85
1956,Sri Lanka,25.83
1957,Sri Lanka,26.12
1958,Sri Lanka,26.41
1959,Sri Lanka,26.27
1960,Sri Lanka,26.01
1961,Sri Lanka,25.99
1962,Sri Lanka,26.07
1963,Sri Lanka,26.1
1964,Sri Lanka,26.19
1965,Sri Lanka,26.08
1966,Sri Lanka,26.43
1967,Sri Lanka,26.05
1968,Sri Lanka,26.09
1969,Sri Lanka,26.43
1970,Sri Lanka,26.22
1971,Sri Lanka,25.85
1972,Sri Lanka,26.19
1973,Sri Lanka,26.44
1974,Sri Lanka,25.83
1975,Sri Lanka,25.9
1976,Sri Lanka,26.15
1977,Sri Lanka,26.23
1978,Sri Lanka,26.3
1979,Sri Lanka,26.55
1980,Sri Lanka,26.64
1981,Sri Lanka,26.32
1982,Sri Lanka,26.37
1983,Sri Lanka,26.83
1984,Sri Lanka,26.04
1985,Sri Lanka,26.32
1986,Sri Lanka,26.39
1987,Sri Lanka,26.83
1988,Sri Lanka,26.66
1989,Sri Lanka,26.26
1990,Sri Lanka,26.53
1991,Sri Lanka,26.53
1992,Sri Lanka,26.26
1993,Sri Lanka,26.37
1994,Sri Lanka,26.34
1995,Sri Lanka,26.59
1996,Sri Lanka,26.38
1997,Sri Lanka,26.66
1998,Sri Lanka,27.13
1999,Sri Lanka,26.32
2000,Sri Lanka,26.43
2001,Sri Lanka,26.63
2002,Sri Lanka,26.74
2003,Sri Lanka,26.79
2004,Sri Lanka,26.64
2005,Sri Lanka,26.73
2006,Sri Lanka,26.56
2007,Sri Lanka,26.57
2008,Sri Lanka,26.42
2009,Sri Lanka,26.67
2010,Sri Lanka,26.83
2011,Sri Lanka,26.65
2012,Sri Lanka,26.88
2013,Sri Lanka,27.03
