Domain Code,Domain,Area Code,Area,Element Code,Element,Item Code,Item,Year Code,Year,Unit,Value
QC,Crops,38,Sri Lanka,5419,Yield,125,Cassava,1961,1961,hg/ha,76665
QC,Crops,38,Sri Lanka,5419,Yield,125,Cassava,1962,1962,hg/ha,81993
QC,Crops,38,Sri Lanka,5419,Yield,125,Cassava,1963,1963,hg/ha,63575
QC,Crops,38,Sri Lanka,5419,Yield,125,Cassava,1964,1964,hg/ha,82027
QC,Crops,38,Sri Lanka,5419,Yield,125,Cassava,1965,1965,hg/ha,62107
QC,Crops,38,Sri Lanka,5419,Yield,125,Cassava,1966,1966,hg/ha,58932
QC,Crops,38,Sri Lanka,5419,Yield,125,Cassava,1967,1967,hg/ha,53769
QC,Crops,38,Sri Lanka,5419,Yield,125,Cassava,1968,1968,hg/ha,57923
QC,Crops,38,Sri Lanka,5419,Yield,125,Cassava,1969,1969,hg/ha,58365
QC,Crops,38,Sri Lanka,5419,Yield,125,Cassava,1970,1970,hg/ha,59449
QC,Crops,38,Sri Lanka,5419,Yield,125,Cassava,1971,1971,hg/ha,55035
QC,Crops,38,Sri Lanka,5419,Yield,125,Cassava,1972,1972,hg/ha,53466
QC,Crops,38,Sri Lanka,5419,Yield,125,Cassava,1973,1973,hg/ha,53411
QC,Crops,38,Sri Lanka,5419,Yield,125,Cassava,1974,1974,hg/ha,38748
QC,Crops,38,Sri Lanka,5419,Yield,125,Cassava,1975,1975,hg/ha,47365
QC,Crops,38,Sri Lanka,5419,Yield,125,Cassava,1976,1976,hg/ha,49450
QC,Crops,38,Sri Lanka,5419,Yield,125,Cassava,1977,1977,hg/ha,58129
QC,Crops,38,Sri Lanka,5419,Yield,125,Cassava,1978,1978,hg/ha,78815
QC,Crops,38,Sri Lanka,5419,Yield,125,Cassava,1979,1979,hg/ha,99739
QC,Crops,38,Sri Lanka,5419,Yield,125,Cassava,1980,1980,hg/ha,97883
QC,Crops,38,Sri Lanka,5419,Yield,125,Cassava,1981,1981,hg/ha,93746
QC,Crops,38,Sri Lanka,5419,Yield,125,Cassava,1982,1982,hg/ha,96851
QC,Crops,38,Sri Lanka,5419,Yield,125,Cassava,1983,1983,hg/ha,130414
QC,Crops,38,Sri Lanka,5419,Yield,125,Cassava,1984,1984,hg/ha,120222
QC,Crops,38,Sri Lanka,5419,Yield,125,Cassava,1985,1985,hg/ha,109605
QC,Crops,38,Sri Lanka,5419,Yield,125,Cassava,1986,1986,hg/ha,98585
QC,Crops,38,Sri Lanka,5419,Yield,125,Cassava,1987,1987,hg/ha,91288
QC,Crops,38,Sri Lanka,5419,Yield,125,Cassava,1988,1988,hg/ha,98379
QC,Crops,38,Sri Lanka,5419,Yield,125,Cassava,1989,1989,hg/ha,91934
QC,Crops,38,Sri Lanka,5419,Yield,125,Cassava,1990,1990,hg/ha,87717
QC,Crops,38,Sri Lanka,5419,Yield,125,Cassava,1991,1991,hg/ha,92373
QC,Crops,38,Sri Lanka,5419,Yield,125,Cassava,1992,1992,hg/ha,88453
QC,Crops,38,Sri Lanka,5419,Yield,125,Cassava,1993,1993,hg/ha,93405
QC,Crops,38,Sri Lanka,5419,Yield,125,Cassava,1994,1994,hg/ha,89267
QC,Crops,38,Sri Lanka,5419,Yield,125,Cassava,1995,1995,hg/ha,90241
QC,Crops,38,Sri Lanka,5419,Yield,125,Cassava,1996,1996,hg/ha,87529
QC,Crops,38,Sri Lanka,5419,Yield,125,Cassava,1997,1997,hg/ha,86564
QC,Crops,38,Sri Lanka,5419,Yield,125,Cassava,1998,1998,hg/ha,85535
QC,Crops,38,Sri Lanka,5419,Yield,125,Cassava,1999,1999,hg/ha,85460
QC,Crops,38,Sri Lanka,5419,Yield,125,Cassava,2000,2000,hg/ha,84330
QC,Crops,38,Sri Lanka,5419,Yield,125,Cassava,2001,2001,hg/ha,85560
QC,Crops,38,Sri Lanka,5419,Yield,125,Cassava,2002,2002,hg/ha,85284
QC,Crops,38,Sri Lanka,5419,Yield,125,Cassava,2003,2003,hg/ha,87078
QC,Crops,38,Sri Lanka,5419,Yield,125,Cassava,2004,2004,hg/ha,95411
QC,Crops,38,Sri Lanka,5419,Yield,125,Cassava,2005,2005,hg/ha,95186
QC,Crops,38,Sri Lanka,5419,Yield,125,Cassava,2006,2006,hg/ha,95959
QC,Crops,38,Sri Lanka,5419,Yield,125,Cassava,2007,2007,hg/ha,97487
QC,Crops,38,Sri Lanka,5419,Yield,125,Cassava,2008,2008,hg/ha,100556
QC,Crops,38,Sri Lanka,5419,Yield,125,Cassava,2009,2009,hg/ha,116401
QC,Crops,38,Sri Lanka,5419,Yield,125,Cassava,2010,2010,hg/ha,120631
QC,Crops,38,Sri Lanka,5419,Yield,125,Cassava,2011,2011,hg/ha,120967
QC,Crops,38,Sri Lanka,5419,Yield,125,Cassava,2012,2012,hg/ha,121660
QC,Crops,38,Sri Lanka,5419,Yield,125,Cassava,2013,2013,hg/ha,126527
QC,Crops,38,Sri Lanka,5419,Yield,125,Cassava,2014,2014,hg/ha,126759
QC,Crops,38,Sri Lanka,5419,Yield,125,Cassava,2015,2015,hg/ha,130015
QC,Crops,38,Sri Lanka,5419,Yield,125,Cassava,2016,2016,hg/ha,136650
QC,Crops,38,Sri Lanka,5419,Yield,56,Maize,1961,1961,hg/ha,7269
QC,Crops,38,Sri Lanka,5419,Yield,56,Maize,1962,1962,hg/ha,7814
QC,Crops,38,Sri Lanka,5419,Yield,56,Maize,1963,1963,hg/ha,7096
QC,Crops,38,Sri Lanka,5419,Yield,56,Maize,1964,1964,hg/ha,8354
QC,Crops,38,Sri Lanka,5419,Yield,56,Maize,1965,1965,hg/ha,8340
QC,Crops,38,Sri Lanka,5419,Yield,56,Maize,1966,1966,hg/ha,7861
QC,Crops,38,Sri Lanka,5419,Yield,56,Maize,1967,1967,hg/ha,11726
QC,Crops,38,Sri Lanka,5419,Yield,56,Maize,1968,1968,hg/ha,7239
QC,Crops,38,Sri Lanka,5419,Yield,56,Maize,1969,1969,hg/ha,8245
QC,Crops,38,Sri Lanka,5419,Yield,56,Maize,1970,1970,hg/ha,7560
QC,Crops,38,Sri Lanka,5419,Yield,56,Maize,1971,1971,hg/ha,7124
QC,Crops,38,Sri Lanka,5419,Yield,56,Maize,1972,1972,hg/ha,7518
QC,Crops,38,Sri Lanka,5419,Yield,56,Maize,1973,1973,hg/ha,7084
QC,Crops,38,Sri Lanka,5419,Yield,56,Maize,1974,1974,hg/ha,6697
QC,Crops,38,Sri Lanka,5419,Yield,56,Maize,1975,1975,hg/ha,6827
QC,Crops,38,Sri Lanka,5419,Yield,56,Maize,1976,1976,hg/ha,7027
QC,Crops,38,Sri Lanka,5419,Yield,56,Maize,1977,1977,hg/ha,6539
QC,Crops,38,Sri Lanka,5419,Yield,56,Maize,1978,1978,hg/ha,7400
QC,Crops,38,Sri Lanka,5419,Yield,56,Maize,1979,1979,hg/ha,10677
QC,Crops,38,Sri Lanka,5419,Yield,56,Maize,1980,1980,hg/ha,10909
QC,Crops,38,Sri Lanka,5419,Yield,56,Maize,1981,1981,hg/ha,9178
QC,Crops,38,Sri Lanka,5419,Yield,56,Maize,1982,1982,hg/ha,8379
QC,Crops,38,Sri Lanka,5419,Yield,56,Maize,1983,1983,hg/ha,10965
QC,Crops,38,Sri Lanka,5419,Yield,56,Maize,1984,1984,hg/ha,10715
QC,Crops,38,Sri Lanka,5419,Yield,56,Maize,1985,1985,hg/ha,9150
QC,Crops,38,Sri Lanka,5419,Yield,56,Maize,1986,1986,hg/ha,13018
QC,Crops,38,Sri Lanka,5419,Yield,56,Maize,1987,1987,hg/ha,12012
QC,Crops,38,Sri Lanka,5419,Yield,56,Maize,1988,1988,hg/ha,10486
QC,Crops,38,Sri Lanka,5419,Yield,56,Maize,1989,1989,hg/ha,10505
QC,Crops,38,Sri Lanka,5419,Yield,56,Maize,1990,1990,hg/ha,11227
QC,Crops,38,Sri Lanka,5419,Yield,56,Maize,1991,1991,hg/ha,11916
QC,Crops,38,Sri Lanka,5419,Yield,56,Maize,1992,1992,hg/ha,10390
QC,Crops,38,Sri Lanka,5419,Yield,56,Maize,1993,1993,hg/ha,9712
QC,Crops,38,Sri Lanka,5419,Yield,56,Maize,1994,1994,hg/ha,10032
QC,Crops,38,Sri Lanka,5419,Yield,56,Maize,1995,1995,hg/ha,9695
QC,Crops,38,Sri Lanka,5419,Yield,56,Maize,1996,1996,hg/ha,10669
QC,Crops,38,Sri Lanka,5419,Yield,56,Maize,1997,1997,hg/ha,9959
QC,Crops,38,Sri Lanka,5419,Yield,56,Maize,1998,1998,hg/ha,11371
QC,Crops,38,Sri Lanka,5419,Yield,56,Maize,1999,1999,hg/ha,10897
QC,Crops,38,Sri Lanka,5419,Yield,56,Maize,2000,2000,hg/ha,10838
QC,Crops,38,Sri Lanka,5419,Yield,56,Maize,2001,2001,hg/ha,11182
QC,Crops,38,Sri Lanka,5419,Yield,56,Maize,2002,2002,hg/ha,11282
QC,Crops,38,Sri Lanka,5419,Yield,56,Maize,2003,2003,hg/ha,10957
QC,Crops,38,Sri Lanka,5419,Yield,56,Maize,2004,2004,hg/ha,15023
QC,Crops,38,Sri Lanka,5419,Yield,56,Maize,2005,2005,hg/ha,14713
QC,Crops,38,Sri Lanka,5419,Yield,56,Maize,2006,2006,hg/ha,14853
QC,Crops,38,Sri Lanka,5419,Yield,56,Maize,2007,2007,hg/ha,16508
QC,Crops,38,Sri Lanka,5419,Yield,56,Maize,2008,2008,hg/ha,26337
QC,Crops,38,Sri Lanka,5419,Yield,56,Maize,2009,2009,hg/ha,25515
QC,Crops,38,Sri Lanka,5419,Yield,56,Maize,2010,2010,hg/ha,28061
QC,Crops,38,Sri Lanka,5419,Yield,56,Maize,2011,2011,hg/ha,27262
QC,Crops,38,Sri Lanka,5419,Yield,56,Maize,2012,2012,hg/ha,34187
QC,Crops,38,Sri Lanka,5419,Yield,56,Maize,2013,2013,hg/ha,30868
QC,Crops,38,Sri Lanka,5419,Yield,56,Maize,2014,2014,hg/ha,35906
QC,Crops,38,Sri Lanka,5419,Yield,56,Maize,2015,2015,hg/ha,37139
QC,Crops,38,Sri Lanka,5419,Yield,56,Maize,2016,2016,hg/ha,38652
QC,Crops,38,Sri Lanka,5419,Yield,489,Plantains and others,1961,1961,hg/ha,84553
QC,Crops,38,Sri Lanka,5419,Yield,489,Plantains and others,1962,1962,hg/ha,82071
QC,Crops,38,Sri Lanka,5419,Yield,489,Plantains and others,1963,1963,hg/ha,88205
QC,Crops,38,Sri Lanka,5419,Yield,489,Plantains and others,1964,1964,hg/ha,90476
QC,Crops,38,Sri Lanka,5419,Yield,489,Plantains and others,1965,1965,hg/ha,93333
QC,Crops,38,Sri Lanka,5419,Yield,489,Plantains and others,1966,1966,hg/ha,218190
QC,Crops,38,Sri Lanka,5419,Yield,489,Plantains and others,1967,1967,hg/ha,230162
QC,Crops,38,Sri Lanka,5419,Yield,489,Plantains and others,1968,1968,hg/ha,77410
QC,Crops,38,Sri Lanka,5419,Yield,489,Plantains and others,1969,1969,hg/ha,88730
QC,Crops,38,Sri Lanka,5419,Yield,489,Plantains and others,1970,1970,hg/ha,84362
QC,Crops,38,Sri Lanka,5419,Yield,489,Plantains and others,1971,1971,hg/ha,91667
QC,Crops,38,Sri Lanka,5419,Yield,489,Plantains and others,1972,1972,hg/ha,83423
QC,Crops,38,Sri Lanka,5419,Yield,489,Plantains and others,1973,1973,hg/ha,188228
QC,Crops,38,Sri Lanka,5419,Yield,489,Plantains and others,1974,1974,hg/ha,186063
QC,Crops,38,Sri Lanka,5419,Yield,489,Plantains and others,1975,1975,hg/ha,274740
QC,Crops,38,Sri Lanka,5419,Yield,489,Plantains and others,1976,1976,hg/ha,256207
QC,Crops,38,Sri Lanka,5419,Yield,489,Plantains and others,1977,1977,hg/ha,272344
QC,Crops,38,Sri Lanka,5419,Yield,489,Plantains and others,1978,1978,hg/ha,264088
QC,Crops,38,Sri Lanka,5419,Yield,489,Plantains and others,1979,1979,hg/ha,533236
QC,Crops,38,Sri Lanka,5419,Yield,489,Plantains and others,1980,1980,hg/ha,578976
QC,Crops,38,Sri Lanka,5419,Yield,489,Plantains and others,1981,1981,hg/ha,403038
QC,Crops,38,Sri Lanka,5419,Yield,489,Plantains and others,1982,1982,hg/ha,308211
QC,Crops,38,Sri Lanka,5419,Yield,489,Plantains and others,1983,1983,hg/ha,318802
QC,Crops,38,Sri Lanka,5419,Yield,489,Plantains and others,1984,1984,hg/ha,222698
QC,Crops,38,Sri Lanka,5419,Yield,489,Plantains and others,1985,1985,hg/ha,155250
QC,Crops,38,Sri Lanka,5419,Yield,489,Plantains and others,1986,1986,hg/ha,154584
QC,Crops,38,Sri Lanka,5419,Yield,489,Plantains and others,1987,1987,hg/ha,142328
QC,Crops,38,Sri Lanka,5419,Yield,489,Plantains and others,1988,1988,hg/ha,141810
QC,Crops,38,Sri Lanka,5419,Yield,489,Plantains and others,1989,1989,hg/ha,151271
QC,Crops,38,Sri Lanka,5419,Yield,489,Plantains and others,1990,1990,hg/ha,140381
QC,Crops,38,Sri Lanka,5419,Yield,489,Plantains and others,1991,1991,hg/ha,129648
QC,Crops,38,Sri Lanka,5419,Yield,489,Plantains and others,1992,1992,hg/ha,131963
QC,Crops,38,Sri Lanka,5419,Yield,489,Plantains and others,1993,1993,hg/ha,136250
QC,Crops,38,Sri Lanka,5419,Yield,489,Plantains and others,1994,1994,hg/ha,136905
QC,Crops,38,Sri Lanka,5419,Yield,489,Plantains and others,1995,1995,hg/ha,131818
QC,Crops,38,Sri Lanka,5419,Yield,489,Plantains and others,1996,1996,hg/ha,128883
QC,Crops,38,Sri Lanka,5419,Yield,489,Plantains and others,1997,1997,hg/ha,124786
QC,Crops,38,Sri Lanka,5419,Yield,489,Plantains and others,1998,1998,hg/ha,119608
QC,Crops,38,Sri Lanka,5419,Yield,489,Plantains and others,1999,1999,hg/ha,118269
QC,Crops,38,Sri Lanka,5419,Yield,489,Plantains and others,2000,2000,hg/ha,119608
QC,Crops,38,Sri Lanka,5419,Yield,489,Plantains and others,2001,2001,hg/ha,118178
QC,Crops,38,Sri Lanka,5419,Yield,489,Plantains and others,2002,2002,hg/ha,118000
QC,Crops,38,Sri Lanka,5419,Yield,489,Plantains and others,2003,2003,hg/ha,113106
QC,Crops,38,Sri Lanka,5419,Yield,489,Plantains and others,2004,2004,hg/ha,107185
QC,Crops,38,Sri Lanka,5419,Yield,489,Plantains and others,2005,2005,hg/ha,106604
QC,Crops,38,Sri Lanka,5419,Yield,489,Plantains and others,2006,2006,hg/ha,103250
QC,Crops,38,Sri Lanka,5419,Yield,489,Plantains and others,2007,2007,hg/ha,104962
QC,Crops,38,Sri Lanka,5419,Yield,489,Plantains and others,2008,2008,hg/ha,111141
QC,Crops,38,Sri Lanka,5419,Yield,489,Plantains and others,2009,2009,hg/ha,106511
QC,Crops,38,Sri Lanka,5419,Yield,489,Plantains and others,2010,2010,hg/ha,109294
QC,Crops,38,Sri Lanka,5419,Yield,489,Plantains and others,2011,2011,hg/ha,112892
QC,Crops,38,Sri Lanka,5419,Yield,489,Plantains and others,2012,2012,hg/ha,120475
QC,Crops,38,Sri Lanka,5419,Yield,489,Plantains and others,2013,2013,hg/ha,114222
QC,Crops,38,Sri Lanka,5419,Yield,489,Plantains and others,2014,2014,hg/ha,114253
QC,Crops,38,Sri Lanka,5419,Yield,489,Plantains and others,2015,2015,hg/ha,114270
QC,Crops,38,Sri Lanka,5419,Yield,489,Plantains and others,2016,2016,hg/ha,115316
QC,Crops,38,Sri Lanka,5419,Yield,116,Potatoes,1961,1961,hg/ha,48734
QC,Crops,38,Sri Lanka,5419,Yield,116,Potatoes,1962,1962,hg/ha,22422
QC,Crops,38,Sri Lanka,5419,Yield,116,Potatoes,1963,1963,hg/ha,91922
QC,Crops,38,Sri Lanka,5419,Yield,116,Potatoes,1964,1964,hg/ha,59609
QC,Crops,38,Sri Lanka,5419,Yield,116,Potatoes,1965,1965,hg/ha,31456
QC,Crops,38,Sri Lanka,5419,Yield,116,Potatoes,1966,1966,hg/ha,86804
QC,Crops,38,Sri Lanka,5419,Yield,116,Potatoes,1967,1967,hg/ha,78080
QC,Crops,38,Sri Lanka,5419,Yield,116,Potatoes,1968,1968,hg/ha,97753
QC,Crops,38,Sri Lanka,5419,Yield,116,Potatoes,1969,1969,hg/ha,90724
QC,Crops,38,Sri Lanka,5419,Yield,116,Potatoes,1970,1970,hg/ha,96010
QC,Crops,38,Sri Lanka,5419,Yield,116,Potatoes,1971,1971,hg/ha,99446
QC,Crops,38,Sri Lanka,5419,Yield,116,Potatoes,1972,1972,hg/ha,88384
QC,Crops,38,Sri Lanka,5419,Yield,116,Potatoes,1973,1973,hg/ha,78711
QC,Crops,38,Sri Lanka,5419,Yield,116,Potatoes,1974,1974,hg/ha,84182
QC,Crops,38,Sri Lanka,5419,Yield,116,Potatoes,1975,1975,hg/ha,70224
QC,Crops,38,Sri Lanka,5419,Yield,116,Potatoes,1976,1976,hg/ha,89547
QC,Crops,38,Sri Lanka,5419,Yield,116,Potatoes,1977,1977,hg/ha,93576
QC,Crops,38,Sri Lanka,5419,Yield,116,Potatoes,1978,1978,hg/ha,101741
QC,Crops,38,Sri Lanka,5419,Yield,116,Potatoes,1979,1979,hg/ha,92439
QC,Crops,38,Sri Lanka,5419,Yield,116,Potatoes,1980,1980,hg/ha,112676
QC,Crops,38,Sri Lanka,5419,Yield,116,Potatoes,1981,1981,hg/ha,124060
QC,Crops,38,Sri Lanka,5419,Yield,116,Potatoes,1982,1982,hg/ha,124644
QC,Crops,38,Sri Lanka,5419,Yield,116,Potatoes,1983,1983,hg/ha,131865
QC,Crops,38,Sri Lanka,5419,Yield,116,Potatoes,1984,1984,hg/ha,114597
QC,Crops,38,Sri Lanka,5419,Yield,116,Potatoes,1985,1985,hg/ha,125000
QC,Crops,38,Sri Lanka,5419,Yield,116,Potatoes,1986,1986,hg/ha,113005
QC,Crops,38,Sri Lanka,5419,Yield,116,Potatoes,1987,1987,hg/ha,116624
QC,Crops,38,Sri Lanka,5419,Yield,116,Potatoes,1988,1988,hg/ha,120690
QC,Crops,38,Sri Lanka,5419,Yield,116,Potatoes,1989,1989,hg/ha,119116
QC,Crops,38,Sri Lanka,5419,Yield,116,Potatoes,1990,1990,hg/ha,110520
QC,Crops,38,Sri Lanka,5419,Yield,116,Potatoes,1991,1991,hg/ha,104522
QC,Crops,38,Sri Lanka,5419,Yield,116,Potatoes,1992,1992,hg/ha,110108
QC,Crops,38,Sri Lanka,5419,Yield,116,Potatoes,1993,1993,hg/ha,112006
QC,Crops,38,Sri Lanka,5419,Yield,116,Potatoes,1994,1994,hg/ha,110104
QC,Crops,38,Sri Lanka,5419,Yield,116,Potatoes,1995,1995,hg/ha,109931
QC,Crops,38,Sri Lanka,5419,Yield,116,Potatoes,1996,1996,hg/ha,127136
QC,Crops,38,Sri Lanka,5419,Yield,116,Potatoes,1997,1997,hg/ha,102773
QC,Crops,38,Sri Lanka,5419,Yield,116,Potatoes,1998,1998,hg/ha,111254
QC,Crops,38,Sri Lanka,5419,Yield,116,Potatoes,1999,1999,hg/ha,125207
QC,Crops,38,Sri Lanka,5419,Yield,116,Potatoes,2000,2000,hg/ha,132921
QC,Crops,38,Sri Lanka,5419,Yield,116,Potatoes,2001,2001,hg/ha,135718
QC,Crops,38,Sri Lanka,5419,Yield,116,Potatoes,2002,2002,hg/ha,134206
QC,Crops,38,Sri Lanka,5419,Yield,116,Potatoes,2003,2003,hg/ha,113708
QC,Crops,38,Sri Lanka,5419,Yield,116,Potatoes,2004,2004,hg/ha,148033
QC,Crops,38,Sri Lanka,5419,Yield,116,Potatoes,2005,2005,hg/ha,141622
QC,Crops,38,Sri Lanka,5419,Yield,116,Potatoes,2006,2006,hg/ha,148094
QC,Crops,38,Sri Lanka,5419,Yield,116,Potatoes,2007,2007,hg/ha,145197
QC,Crops,38,Sri Lanka,5419,Yield,116,Potatoes,2008,2008,hg/ha,145282
QC,Crops,38,Sri Lanka,5419,Yield,116,Potatoes,2009,2009,hg/ha,149034
QC,Crops,38,Sri Lanka,5419,Yield,116,Potatoes,2010,2010,hg/ha,135234
QC,Crops,38,Sri Lanka,5419,Yield,116,Potatoes,2011,2011,hg/ha,132500
QC,Crops,38,Sri Lanka,5419,Yield,116,Potatoes,2012,2012,hg/ha,155269
QC,Crops,38,Sri Lanka,5419,Yield,116,Potatoes,2013,2013,hg/ha,153210
QC,Crops,38,Sri Lanka,5419,Yield,116,Potatoes,2014,2014,hg/ha,153536
QC,Crops,38,Sri Lanka,5419,Yield,116,Potatoes,2015,2015,hg/ha,154354
QC,Crops,38,Sri Lanka,5419,Yield,116,Potatoes,2016,2016,hg/ha,156975
QC,Crops,38,Sri Lanka,5419,Yield,27,"Rice, paddy",1961,1961,hg/ha,18626
QC,Crops,38,Sri Lanka,5419,Yield,27,"Rice, paddy",1962,1962,hg/ha,19539
QC,Crops,38,Sri Lanka,5419,Yield,27,"Rice, paddy",1963,1963,hg/ha,19547
QC,Crops,38,Sri Lanka,5419,Yield,27,"Rice, paddy",1964,1964,hg/ha,19962
QC,Crops,38,Sri Lanka,5419,Yield,27,"Rice, paddy",1965,1965,hg/ha,17696
QC,Crops,38,Sri Lanka,5419,Yield,27,"Rice, paddy",1966,1966,hg/ha,18365
QC,Crops,38,Sri Lanka,5419,Yield,27,"Rice, paddy",1967,1967,hg/ha,21259
QC,Crops,38,Sri Lanka,5419,Yield,27,"Rice, paddy",1968,1968,hg/ha,23968
QC,Crops,38,Sri Lanka,5419,Yield,27,"Rice, paddy",1969,1969,hg/ha,25654
QC,Crops,38,Sri Lanka,5419,Yield,27,"Rice, paddy",1970,1970,hg/ha,22485
QC,Crops,38,Sri Lanka,5419,Yield,27,"Rice, paddy",1971,1971,hg/ha,20119
QC,Crops,38,Sri Lanka,5419,Yield,27,"Rice, paddy",1972,1972,hg/ha,20540
QC,Crops,38,Sri Lanka,5419,Yield,27,"Rice, paddy",1973,1973,hg/ha,19539
QC,Crops,38,Sri Lanka,5419,Yield,27,"Rice, paddy",1974,1974,hg/ha,20104
QC,Crops,38,Sri Lanka,5419,Yield,27,"Rice, paddy",1975,1975,hg/ha,19325
QC,Crops,38,Sri Lanka,5419,Yield,27,"Rice, paddy",1976,1976,hg/ha,19712
QC,Crops,38,Sri Lanka,5419,Yield,27,"Rice, paddy",1977,1977,hg/ha,21441
QC,Crops,38,Sri Lanka,5419,Yield,27,"Rice, paddy",1978,1978,hg/ha,22521
QC,Crops,38,Sri Lanka,5419,Yield,27,"Rice, paddy",1979,1979,hg/ha,24282
QC,Crops,38,Sri Lanka,5419,Yield,27,"Rice, paddy",1980,1980,hg/ha,25897
QC,Crops,38,Sri Lanka,5419,Yield,27,"Rice, paddy",1981,1981,hg/ha,26462
QC,Crops,38,Sri Lanka,5419,Yield,27,"Rice, paddy",1982,1982,hg/ha,28896
QC,Crops,38,Sri Lanka,5419,Yield,27,"Rice, paddy",1983,1983,hg/ha,31977
QC,Crops,38,Sri Lanka,5419,Yield,27,"Rice, paddy",1984,1984,hg/ha,27316
QC,Crops,38,Sri Lanka,5419,Yield,27,"Rice, paddy",1985,1985,hg/ha,30777
QC,Crops,38,Sri Lanka,5419,Yield,27,"Rice, paddy",1986,1986,hg/ha,30944
QC,Crops,38,Sri Lanka,5419,Yield,27,"Rice, paddy",1987,1987,hg/ha,31318
QC,Crops,38,Sri Lanka,5419,Yield,27,"Rice, paddy",1988,1988,hg/ha,30367
QC,Crops,38,Sri Lanka,5419,Yield,27,"Rice, paddy",1989,1989,hg/ha,29916
QC,Crops,38,Sri Lanka,5419,Yield,27,"Rice, paddy",1990,1990,hg/ha,30643
QC,Crops,38,Sri Lanka,5419,Yield,27,"Rice, paddy",1991,1991,hg/ha,30215
QC,Crops,38,Sri Lanka,5419,Yield,27,"Rice, paddy",1992,1992,hg/ha,30544
QC,Crops,38,Sri Lanka,5419,Yield,27,"Rice, paddy",1993,1993,hg/ha,31350
QC,Crops,38,Sri Lanka,5419,Yield,27,"Rice, paddy",1994,1994,hg/ha,29933
QC,Crops,38,Sri Lanka,5419,Yield,27,"Rice, paddy",1995,1995,hg/ha,31586
QC,Crops,38,Sri Lanka,5419,Yield,27,"Rice, paddy",1996,1996,hg/ha,31231
QC,Crops,38,Sri Lanka,5419,Yield,27,"Rice, paddy",1997,1997,hg/ha,32451
QC,Crops,38,Sri Lanka,5419,Yield,27,"Rice, paddy",1998,1998,hg/ha,35102
QC,Crops,38,Sri Lanka,5419,Yield,27,"Rice, paddy",1999,1999,hg/ha,32810
QC,Crops,38,Sri Lanka,5419,Yield,27,"Rice, paddy",2000,2000,hg/ha,34374
QC,Crops,38,Sri Lanka,5419,Yield,27,"Rice, paddy",2001,2001,hg/ha,35228
QC,Crops,38,Sri Lanka,5419,Yield,27,"Rice, paddy",2002,2002,hg/ha,34889
QC,Crops,38,Sri Lanka,5419,Yield,27,"Rice, paddy",2003,2003,hg/ha,33696
QC,Crops,38,Sri Lanka,5419,Yield,27,"Rice, paddy",2004,2004,hg/ha,36516
QC,Crops,38,Sri Lanka,5419,Yield,27,"Rice, paddy",2005,2005,hg/ha,35465
QC,Crops,38,Sri Lanka,5419,Yield,27,"Rice, paddy",2006,2006,hg/ha,36705
QC,Crops,38,Sri Lanka,5419,Yield,27,"Rice, paddy",2007,2007,hg/ha,38337
QC,Crops,38,Sri Lanka,5419,Yield,27,"Rice, paddy",2008,2008,hg/ha,36800
QC,Crops,38,Sri Lanka,5419,Yield,27,"Rice, paddy",2009,2009,hg/ha,38748
QC,Crops,38,Sri Lanka,5419,Yield,27,"Rice, paddy",2010,2010,hg/ha,40558
QC,Crops,38,Sri Lanka,5419,Yield,27,"Rice, paddy",2011,2011,hg/ha,35699
QC,Crops,38,Sri Lanka,5419,Yield,27,"Rice, paddy",2012,2012,hg/ha,36057
QC,Crops,38,Sri Lanka,5419,Yield,27,"Rice, paddy",2013,2013,hg/ha,38897
QC,Crops,38,Sri Lanka,5419,Yield,27,"Rice, paddy",2014,2014,hg/ha,38377
QC,Crops,38,Sri Lanka,5419,Yield,27,"Rice, paddy",2015,2015,hg/ha,38726
QC,Crops,38,Sri Lanka,5419,Yield,27,"Rice, paddy",2016,2016,hg/ha,39160
QC,Crops,38,Sri Lanka,5419,Yield,83,Sorghum,1961,1961,hg/ha,8951
QC,Crops,38,Sri Lanka,5419,Yield,83,Sorghum,1962,1962,hg/ha,9422
QC,Crops,38,Sri Lanka,5419,Yield,83,Sorghum,1963,1963,hg/ha,7791
QC,Crops,38,Sri Lanka,5419,Yield,83,Sorghum,1964,1964,hg/ha,7113
QC,Crops,38,Sri Lanka,5419,Yield,83,Sorghum,1965,1965,hg/ha,8520
QC,Crops,38,Sri Lanka,5419,Yield,83,Sorghum,1966,1966,hg/ha,8804
QC,Crops,38,Sri Lanka,5419,Yield,83,Sorghum,1967,1967,hg/ha,9098
QC,Crops,38,Sri Lanka,5419,Yield,83,Sorghum,1968,1968,hg/ha,7811
QC,Crops,38,Sri Lanka,5419,Yield,83,Sorghum,1969,1969,hg/ha,6680
QC,Crops,38,Sri Lanka,5419,Yield,83,Sorghum,1970,1970,hg/ha,5719
QC,Crops,38,Sri Lanka,5419,Yield,83,Sorghum,1971,1971,hg/ha,7097
QC,Crops,38,Sri Lanka,5419,Yield,83,Sorghum,1972,1972,hg/ha,6440
QC,Crops,38,Sri Lanka,5419,Yield,83,Sorghum,1973,1973,hg/ha,7529
QC,Crops,38,Sri Lanka,5419,Yield,83,Sorghum,1974,1974,hg/ha,10109
QC,Crops,38,Sri Lanka,5419,Yield,83,Sorghum,1975,1975,hg/ha,9618
QC,Crops,38,Sri Lanka,5419,Yield,83,Sorghum,1976,1976,hg/ha,9502
QC,Crops,38,Sri Lanka,5419,Yield,83,Sorghum,1977,1977,hg/ha,10041
QC,Crops,38,Sri Lanka,5419,Yield,83,Sorghum,1978,1978,hg/ha,11302
QC,Crops,38,Sri Lanka,5419,Yield,83,Sorghum,1979,1979,hg/ha,14103
QC,Crops,38,Sri Lanka,5419,Yield,83,Sorghum,1980,1980,hg/ha,8946
QC,Crops,38,Sri Lanka,5419,Yield,83,Sorghum,1981,1981,hg/ha,11111
QC,Crops,38,Sri Lanka,5419,Yield,83,Sorghum,1982,1982,hg/ha,8515
QC,Crops,38,Sri Lanka,5419,Yield,83,Sorghum,1983,1983,hg/ha,9756
QC,Crops,38,Sri Lanka,5419,Yield,83,Sorghum,1984,1984,hg/ha,12000
QC,Crops,38,Sri Lanka,5419,Yield,83,Sorghum,1985,1985,hg/ha,7600
QC,Crops,38,Sri Lanka,5419,Yield,83,Sorghum,1986,1986,hg/ha,5831
QC,Crops,38,Sri Lanka,5419,Yield,83,Sorghum,1987,1987,hg/ha,6117
QC,Crops,38,Sri Lanka,5419,Yield,83,Sorghum,1988,1988,hg/ha,6667
QC,Crops,38,Sri Lanka,5419,Yield,83,Sorghum,1989,1989,hg/ha,7500
QC,Crops,38,Sri Lanka,5419,Yield,83,Sorghum,1990,1990,hg/ha,7143
QC,Crops,38,Sri Lanka,5419,Yield,83,Sorghum,1991,1991,hg/ha,6911
QC,Crops,38,Sri Lanka,5419,Yield,83,Sorghum,1992,1992,hg/ha,7034
QC,Crops,38,Sri Lanka,5419,Yield,83,Sorghum,1993,1993,hg/ha,6154
QC,Crops,38,Sri Lanka,5419,Yield,83,Sorghum,1994,1994,hg/ha,7132
QC,Crops,38,Sri Lanka,5419,Yield,83,Sorghum,1995,1995,hg/ha,9212
QC,Crops,38,Sri Lanka,5419,Yield,83,Sorghum,1996,1996,hg/ha,9510
QC,Crops,38,Sri Lanka,5419,Yield,83,Sorghum,1997,1997,hg/ha,9078
QC,Crops,38,Sri Lanka,5419,Yield,83,Sorghum,1998,1998,hg/ha,7000
QC,Crops,38,Sri Lanka,5419,Yield,83,Sorghum,1999,1999,hg/ha,7000
QC,Crops,38,Sri Lanka,5419,Yield,83,Sorghum,2000,2000,hg/ha,7500
QC,Crops,38,Sri Lanka,5419,Yield,83,Sorghum,2001,2001,hg/ha,7143
QC,Crops,38,Sri Lanka,5419,Yield,83,Sorghum,2002,2002,hg/ha,6818
QC,Crops,38,Sri Lanka,5419,Yield,83,Sorghum,2003,2003,hg/ha,7143
QC,Crops,38,Sri Lanka,5419,Yield,83,Sorghum,2004,2004,hg/ha,7714
QC,Crops,38,Sri Lanka,5419,Yield,83,Sorghum,2005,2005,hg/ha,9583
QC,Crops,38,Sri Lanka,5419,Yield,83,Sorghum,2006,2006,hg/ha,8500
QC,Crops,38,Sri Lanka,5419,Yield,83,Sorghum,2007,2007,hg/ha,10000
QC,Crops,38,Sri Lanka,5419,Yield,83,Sorghum,2008,2008,hg/ha,12353
QC,Crops,38,Sri Lanka,5419,Yield,83,Sorghum,2009,2009,hg/ha,12857
QC,Crops,38,Sri Lanka,5419,Yield,83,Sorghum,2010,2010,hg/ha,12500
QC,Crops,38,Sri Lanka,5419,Yield,83,Sorghum,2011,2011,hg/ha,12857
QC,Crops,38,Sri Lanka,5419,Yield,83,Sorghum,2012,2012,hg/ha,12857
QC,Crops,38,Sri Lanka,5419,Yield,83,Sorghum,2013,2013,hg/ha,14227
QC,Crops,38,Sri Lanka,5419,Yield,83,Sorghum,2014,2014,hg/ha,13854
QC,Crops,38,Sri Lanka,5419,Yield,83,Sorghum,2015,2015,hg/ha,13885
QC,Crops,38,Sri Lanka,5419,Yield,83,Sorghum,2016,2016,hg/ha,14848
QC,Crops,38,Sri Lanka,5419,Yield,236,Soybeans,1961,1961,hg/ha,7500
QC,Crops,38,Sri Lanka,5419,Yield,236,Soybeans,1962,1962,hg/ha,7500
QC,Crops,38,Sri Lanka,5419,Yield,236,Soybeans,1963,1963,hg/ha,7500
QC,Crops,38,Sri Lanka,5419,Yield,236,Soybeans,1964,1964,hg/ha,7500
QC,Crops,38,Sri Lanka,5419,Yield,236,Soybeans,1965,1965,hg/ha,7500
QC,Crops,38,Sri Lanka,5419,Yield,236,Soybeans,1966,1966,hg/ha,7500
QC,Crops,38,Sri Lanka,5419,Yield,236,Soybeans,1967,1967,hg/ha,8333
QC,Crops,38,Sri Lanka,5419,Yield,236,Soybeans,1968,1968,hg/ha,8333
QC,Crops,38,Sri Lanka,5419,Yield,236,Soybeans,1969,1969,hg/ha,8333
QC,Crops,38,Sri Lanka,5419,Yield,236,Soybeans,1970,1970,hg/ha,8750
QC,Crops,38,Sri Lanka,5419,Yield,236,Soybeans,1971,1971,hg/ha,9000
QC,Crops,38,Sri Lanka,5419,Yield,236,Soybeans,1972,1972,hg/ha,9045
QC,Crops,38,Sri Lanka,5419,Yield,236,Soybeans,1973,1973,hg/ha,14459
QC,Crops,38,Sri Lanka,5419,Yield,236,Soybeans,1974,1974,hg/ha,9641
QC,Crops,38,Sri Lanka,5419,Yield,236,Soybeans,1975,1975,hg/ha,10193
QC,Crops,38,Sri Lanka,5419,Yield,236,Soybeans,1976,1976,hg/ha,10236
QC,Crops,38,Sri Lanka,5419,Yield,236,Soybeans,1977,1977,hg/ha,10988
QC,Crops,38,Sri Lanka,5419,Yield,236,Soybeans,1978,1978,hg/ha,14920
QC,Crops,38,Sri Lanka,5419,Yield,236,Soybeans,1979,1979,hg/ha,10917
QC,Crops,38,Sri Lanka,5419,Yield,236,Soybeans,1980,1980,hg/ha,9927
QC,Crops,38,Sri Lanka,5419,Yield,236,Soybeans,1981,1981,hg/ha,10791
QC,Crops,38,Sri Lanka,5419,Yield,236,Soybeans,1982,1982,hg/ha,6399
QC,Crops,38,Sri Lanka,5419,Yield,236,Soybeans,1983,1983,hg/ha,7253
QC,Crops,38,Sri Lanka,5419,Yield,236,Soybeans,1984,1984,hg/ha,6754
QC,Crops,38,Sri Lanka,5419,Yield,236,Soybeans,1985,1985,hg/ha,11092
QC,Crops,38,Sri Lanka,5419,Yield,236,Soybeans,1986,1986,hg/ha,9489
QC,Crops,38,Sri Lanka,5419,Yield,236,Soybeans,1987,1987,hg/ha,10647
QC,Crops,38,Sri Lanka,5419,Yield,236,Soybeans,1988,1988,hg/ha,9348
QC,Crops,38,Sri Lanka,5419,Yield,236,Soybeans,1989,1989,hg/ha,10345
QC,Crops,38,Sri Lanka,5419,Yield,236,Soybeans,1990,1990,hg/ha,8040
QC,Crops,38,Sri Lanka,5419,Yield,236,Soybeans,1991,1991,hg/ha,9747
QC,Crops,38,Sri Lanka,5419,Yield,236,Soybeans,1992,1992,hg/ha,9905
QC,Crops,38,Sri Lanka,5419,Yield,236,Soybeans,1993,1993,hg/ha,9389
QC,Crops,38,Sri Lanka,5419,Yield,236,Soybeans,1994,1994,hg/ha,10167
QC,Crops,38,Sri Lanka,5419,Yield,236,Soybeans,1995,1995,hg/ha,10034
QC,Crops,38,Sri Lanka,5419,Yield,236,Soybeans,1996,1996,hg/ha,8551
QC,Crops,38,Sri Lanka,5419,Yield,236,Soybeans,1997,1997,hg/ha,8451
QC,Crops,38,Sri Lanka,5419,Yield,236,Soybeans,1998,1998,hg/ha,9345
QC,Crops,38,Sri Lanka,5419,Yield,236,Soybeans,1999,1999,hg/ha,9756
QC,Crops,38,Sri Lanka,5419,Yield,236,Soybeans,2000,2000,hg/ha,9275
QC,Crops,38,Sri Lanka,5419,Yield,236,Soybeans,2001,2001,hg/ha,9688
QC,Crops,38,Sri Lanka,5419,Yield,236,Soybeans,2002,2002,hg/ha,9206
QC,Crops,38,Sri Lanka,5419,Yield,236,Soybeans,2003,2003,hg/ha,11608
QC,Crops,38,Sri Lanka,5419,Yield,236,Soybeans,2004,2004,hg/ha,14538
QC,Crops,38,Sri Lanka,5419,Yield,236,Soybeans,2005,2005,hg/ha,16201
QC,Crops,38,Sri Lanka,5419,Yield,236,Soybeans,2006,2006,hg/ha,16873
QC,Crops,38,Sri Lanka,5419,Yield,236,Soybeans,2007,2007,hg/ha,16783
QC,Crops,38,Sri Lanka,5419,Yield,236,Soybeans,2008,2008,hg/ha,24048
QC,Crops,38,Sri Lanka,5419,Yield,236,Soybeans,2009,2009,hg/ha,22831
QC,Crops,38,Sri Lanka,5419,Yield,236,Soybeans,2010,2010,hg/ha,16711
QC,Crops,38,Sri Lanka,5419,Yield,236,Soybeans,2011,2011,hg/ha,15673
QC,Crops,38,Sri Lanka,5419,Yield,236,Soybeans,2012,2012,hg/ha,10987
QC,Crops,38,Sri Lanka,5419,Yield,236,Soybeans,2013,2013,hg/ha,16955
QC,Crops,38,Sri Lanka,5419,Yield,236,Soybeans,2014,2014,hg/ha,10901
QC,Crops,38,Sri Lanka,5419,Yield,236,Soybeans,2015,2015,hg/ha,12762
QC,Crops,38,Sri Lanka,5419,Yield,236,Soybeans,2016,2016,hg/ha,13497
QC,Crops,38,Sri Lanka,5419,Yield,122,Sweet potatoes,1961,1961,hg/ha,51418
QC,Crops,38,Sri Lanka,5419,Yield,122,Sweet potatoes,1962,1962,hg/ha,43624
QC,Crops,38,Sri Lanka,5419,Yield,122,Sweet potatoes,1963,1963,hg/ha,31818
QC,Crops,38,Sri Lanka,5419,Yield,122,Sweet potatoes,1964,1964,hg/ha,48232
QC,Crops,38,Sri Lanka,5419,Yield,122,Sweet potatoes,1965,1965,hg/ha,36596
QC,Crops,38,Sri Lanka,5419,Yield,122,Sweet potatoes,1966,1966,hg/ha,42674
QC,Crops,38,Sri Lanka,5419,Yield,122,Sweet potatoes,1967,1967,hg/ha,38052
QC,Crops,38,Sri Lanka,5419,Yield,122,Sweet potatoes,1968,1968,hg/ha,37884
QC,Crops,38,Sri Lanka,5419,Yield,122,Sweet potatoes,1969,1969,hg/ha,34856
QC,Crops,38,Sri Lanka,5419,Yield,122,Sweet potatoes,1970,1970,hg/ha,45546
QC,Crops,38,Sri Lanka,5419,Yield,122,Sweet potatoes,1971,1971,hg/ha,38553
QC,Crops,38,Sri Lanka,5419,Yield,122,Sweet potatoes,1972,1972,hg/ha,38663
QC,Crops,38,Sri Lanka,5419,Yield,122,Sweet potatoes,1973,1973,hg/ha,33897
QC,Crops,38,Sri Lanka,5419,Yield,122,Sweet potatoes,1974,1974,hg/ha,38495
QC,Crops,38,Sri Lanka,5419,Yield,122,Sweet potatoes,1975,1975,hg/ha,40158
QC,Crops,38,Sri Lanka,5419,Yield,122,Sweet potatoes,1976,1976,hg/ha,40931
QC,Crops,38,Sri Lanka,5419,Yield,122,Sweet potatoes,1977,1977,hg/ha,46003
QC,Crops,38,Sri Lanka,5419,Yield,122,Sweet potatoes,1978,1978,hg/ha,64395
QC,Crops,38,Sri Lanka,5419,Yield,122,Sweet potatoes,1979,1979,hg/ha,91004
QC,Crops,38,Sri Lanka,5419,Yield,122,Sweet potatoes,1980,1980,hg/ha,89035
QC,Crops,38,Sri Lanka,5419,Yield,122,Sweet potatoes,1981,1981,hg/ha,95141
QC,Crops,38,Sri Lanka,5419,Yield,122,Sweet potatoes,1982,1982,hg/ha,93736
QC,Crops,38,Sri Lanka,5419,Yield,122,Sweet potatoes,1983,1983,hg/ha,81610
QC,Crops,38,Sri Lanka,5419,Yield,122,Sweet potatoes,1984,1984,hg/ha,89798
QC,Crops,38,Sri Lanka,5419,Yield,122,Sweet potatoes,1985,1985,hg/ha,79621
QC,Crops,38,Sri Lanka,5419,Yield,122,Sweet potatoes,1986,1986,hg/ha,70437
QC,Crops,38,Sri Lanka,5419,Yield,122,Sweet potatoes,1987,1987,hg/ha,63451
QC,Crops,38,Sri Lanka,5419,Yield,122,Sweet potatoes,1988,1988,hg/ha,68902
QC,Crops,38,Sri Lanka,5419,Yield,122,Sweet potatoes,1989,1989,hg/ha,69789
QC,Crops,38,Sri Lanka,5419,Yield,122,Sweet potatoes,1990,1990,hg/ha,64750
QC,Crops,38,Sri Lanka,5419,Yield,122,Sweet potatoes,1991,1991,hg/ha,65460
QC,Crops,38,Sri Lanka,5419,Yield,122,Sweet potatoes,1992,1992,hg/ha,60568
QC,Crops,38,Sri Lanka,5419,Yield,122,Sweet potatoes,1993,1993,hg/ha,68502
QC,Crops,38,Sri Lanka,5419,Yield,122,Sweet potatoes,1994,1994,hg/ha,68593
QC,Crops,38,Sri Lanka,5419,Yield,122,Sweet potatoes,1995,1995,hg/ha,67751
QC,Crops,38,Sri Lanka,5419,Yield,122,Sweet potatoes,1996,1996,hg/ha,65106
QC,Crops,38,Sri Lanka,5419,Yield,122,Sweet potatoes,1997,1997,hg/ha,60379
QC,Crops,38,Sri Lanka,5419,Yield,122,Sweet potatoes,1998,1998,hg/ha,60640
QC,Crops,38,Sri Lanka,5419,Yield,122,Sweet potatoes,1999,1999,hg/ha,61575
QC,Crops,38,Sri Lanka,5419,Yield,122,Sweet potatoes,2000,2000,hg/ha,62724
QC,Crops,38,Sri Lanka,5419,Yield,122,Sweet potatoes,2001,2001,hg/ha,61834
QC,Crops,38,Sri Lanka,5419,Yield,122,Sweet potatoes,2002,2002,hg/ha,61636
QC,Crops,38,Sri Lanka,5419,Yield,122,Sweet potatoes,2003,2003,hg/ha,58190
QC,Crops,38,Sri Lanka,5419,Yield,122,Sweet potatoes,2004,2004,hg/ha,61869
QC,Crops,38,Sri Lanka,5419,Yield,122,Sweet potatoes,2005,2005,hg/ha,62205
QC,Crops,38,Sri Lanka,5419,Yield,122,Sweet potatoes,2006,2006,hg/ha,62586
QC,Crops,38,Sri Lanka,5419,Yield,122,Sweet potatoes,2007,2007,hg/ha,75283
QC,Crops,38,Sri Lanka,5419,Yield,122,Sweet potatoes,2008,2008,hg/ha,81252
QC,Crops,38,Sri Lanka,5419,Yield,122,Sweet potatoes,2009,2009,hg/ha,78783
QC,Crops,38,Sri Lanka,5419,Yield,122,Sweet potatoes,2010,2010,hg/ha,79014
QC,Crops,38,Sri Lanka,5419,Yield,122,Sweet potatoes,2011,2011,hg/ha,81641
QC,Crops,38,Sri Lanka,5419,Yield,122,Sweet potatoes,2012,2012,hg/ha,78499
QC,Crops,38,Sri Lanka,5419,Yield,122,Sweet potatoes,2013,2013,hg/ha,93002
QC,Crops,38,Sri Lanka,5419,Yield,122,Sweet potatoes,2014,2014,hg/ha,90769
QC,Crops,38,Sri Lanka,5419,Yield,122,Sweet potatoes,2015,2015,hg/ha,95278
QC,Crops,38,Sri Lanka,5419,Yield,122,Sweet potatoes,2016,2016,hg/ha,94956
