Unnamed: 0,Area,Item,Year,hg/ha_yield,average_rain_fall_mm_per_year,pesticides_tonnes,avg_temp
25682,Sri Lanka,Cassava,1990,87717,1712.0,1571.33,26.53
25683,Sri Lanka,Maize,1990,11227,1712.0,1571.33,26.53
25684,Sri Lanka,Plantains and others,1990,140381,1712.0,1571.33,26.53
25685,Sri Lanka,Potatoes,1990,110520,1712.0,1571.33,26.53
25686,Sri Lanka,"Rice, paddy",1990,30643,1712.0,1571.33,26.53
25687,Sri Lanka,Sorghum,1990,7143,1712.0,1571.33,26.53
25688,Sri Lanka,Soybeans,1990,8040,1712.0,1571.33,26.53
25689,Sri Lanka,Sweet potatoes,1990,64750,1712.0,1571.33,26.53
25690,Sri Lanka,Cassava,1991,92373,1712.0,1409.15,26.53
25691,Sri Lanka,Maize,1991,11916,1712.0,1409.15,26.53
25692,Sri Lanka,Plantains and others,1991,129648,1712.0,1409.15,26.53
25693,Sri Lanka,Potatoes,1991,104522,1712.0,1409.15,26.53
25694,Sri Lanka,"Rice, paddy",1991,30215,1712.0,1409.15,26.53
25695,Sri Lanka,Sorghum,1991,6911,1712.0,1409.15,26.53
25696,Sri Lanka,Soybeans,1991,9747,1712.0,1409.15,26.53
25697,Sri Lanka,Sweet potatoes,1991,65460,1712.0,1409.15,26.53
25698,Sri Lanka,Cassava,1992,88453,1712.0,2144.31,26.26
25699,Sri Lanka,Maize,1992,10390,1712.0,2144.31,26.26
25700,Sri Lanka,Plantains and others,1992,131963,1712.0,2144.31,26.26
25701,Sri Lanka,Potatoes,1992,110108,1712.0,2144.31,26.26
25702,Sri Lanka,"Rice, paddy",1992,30544,1712.0,2144.31,26.26
25703,Sri Lanka,Sorghum,1992,7034,1712.0,2144.31,26.26
25704,Sri Lanka,Soybeans,1992,9905,1712.0,2144.31,26.26
25705,Sri Lanka,Sweet potatoes,1992,60568,1712.0,2144.31,26.26
25706,Sri Lanka,Cassava,1993,93405,1712.0,1753.2,26.37
25707,Sri Lanka,Maize,1993,9712,1712.0,1753.2,26.37
25708,Sri Lanka,Plantains and others,1993,136250,1712.0,1753.2,26.37
25709,Sri Lanka,Potatoes,1993,112006,1712.0,1753.2,26.37
25710,Sri Lanka,"Rice, paddy",1993,31350,1712.0,1753.2,26.37
25711,Sri Lanka,Sorghum,1993,6154,1712.0,1753.2,26.37
25712,Sri Lanka,Soybeans,1993,9389,1712.0,1753.2,26.37
25713,Sri Lanka,Sweet potatoes,1993,68502,1712.0,1753.2,26.37
25714,Sri Lanka,Cassava,1994,89267,1712.0,1860.7,26.34
25715,Sri Lanka,Maize,1994,10032,1712.0,1860.7,26.34
25716,Sri Lanka,Plantains and others,1994,136905,1712.0,1860.7,26.34
25717,Sri Lanka,Potatoes,1994,110104,1712.0,1860.7,26.34
25718,Sri Lanka,"Rice, paddy",1994,29933,1712.0,1860.7,26.34
25719,Sri Lanka,Sorghum,1994,7132,1712.0,1860.7,26.34
25720,Sri Lanka,Soybeans,1994,10167,1712.0,1860.7,26.34
25721,Sri Lanka,Sweet potatoes,1994,68593,1712.0,1860.7,26.34
25722,Sri Lanka,Cassava,1995,90241,1712.0,1735.5,26.59
25723,Sri Lanka,Maize,1995,9695,1712.0,1735.5,26.59
25724,Sri Lanka,Plantains and others,1995,131818,1712.0,1735.5,26.59
25725,Sri Lanka,Potatoes,1995,109931,1712.0,1735.5,26.59
25726,Sri Lanka,"Rice, paddy",1995,31586,1712.0,1735.5,26.59
25727,Sri Lanka,Sorghum,1995,9212,1712.0,1735.5,26.59
25728,Sri Lanka,Soybeans,1995,10034,1712.0,1735.5,26.59
25729,Sri Lanka,Sweet potatoes,1995,67751,1712.0,1735.5,26.59
25730,Sri Lanka,Cassava,1996,87529,1712.0,1654.41,26.38
25731,Sri Lanka,Maize,1996,10669,1712.0,1654.41,26.38
25732,Sri Lanka,Plantains and others,1996,128883,1712.0,1654.41,26.38
25733,Sri Lanka,Potatoes,1996,127136,1712.0,1654.41,26.38
25734,Sri Lanka,"Rice, paddy",1996,31231,1712.0,1654.41,26.38
25735,Sri Lanka,Sorghum,1996,9510,1712.0,1654.41,26.38
25736,Sri Lanka,Soybeans,1996,8551,1712.0,1654.41,26.38
25737,Sri Lanka,Sweet potatoes,1996,65106,1712.0,1654.41,26.38
25738,Sri Lanka,Cassava,1997,86564,1712.0,1622.4,26.66
25739,Sri Lanka,Maize,1997,9959,1712.0,1622.4,26.66
25740,Sri Lanka,Plantains and others,1997,124786,1712.0,1622.4,26.66
25741,Sri Lanka,Potatoes,1997,102773,1712.0,1622.4,26.66
25742,Sri Lanka,"Rice, paddy",1997,32451,1712.0,1622.4,26.66
25743,Sri Lanka,Sorghum,1997,9078,1712.0,1622.4,26.66
25744,Sri Lanka,Soybeans,1997,8451,1712.0,1622.4,26.66
25745,Sri Lanka,Sweet potatoes,1997,60379,1712.0,1622.4,26.66
25746,Sri Lanka,Cassava,1998,85535,1712.0,1532.41,27.13
25747,Sri Lanka,Maize,1998,11371,1712.0,1532.41,27.13
25748,Sri Lanka,Plantains and others,1998,119608,1712.0,1532.41,27.13
25749,Sri Lanka,Potatoes,1998,111254,1712.0,1532.41,27.13
25750,Sri Lanka,"Rice, paddy",1998,35102,1712.0,1532.41,27.13
25751,Sri Lanka,Sorghum,1998,7000,1712.0,1532.41,27.13
25752,Sri Lanka,Soybeans,1998,9345,1712.0,1532.41,27.13
25753,Sri Lanka,Sweet potatoes,1998,60640,1712.0,1532.41,27.13
25754,Sri Lanka,Cassava,1999,85460,1712.0,1766.91,26.32
25755,Sri Lanka,Maize,1999,10897,1712.0,1766.91,26.32
25756,Sri Lanka,Plantains and others,1999,118269,1712.0,1766.91,26.32
25757,Sri Lanka,Potatoes,1999,125207,1712.0,1766.91,26.32
25758,Sri Lanka,"Rice, paddy",1999,32810,1712.0,1766.91,26.32
25759,Sri Lanka,Sorghum,1999,7000,1712.0,1766.91,26.32
25760,Sri Lanka,Soybeans,1999,9756,1712.0,1766.91,26.32
25761,Sri Lanka,Sweet potatoes,1999,61575,1712.0,1766.91,26.32
25762,Sri Lanka,Cassava,2000,84330,1712.0,1695.71,26.43
25763,Sri Lanka,Maize,2000,10838,1712.0,1695.71,26.43
25764,Sri Lanka,Plantains and others,2000,119608,1712.0,1695.71,26.43
25765,Sri Lanka,Potatoes,2000,132921,1712.0,1695.71,26.43
25766,Sri Lanka,"Rice, paddy",2000,34374,1712.0,1695.71,26.43
25767,Sri Lanka,Sorghum,2000,7500,1712.0,1695.71,26.43
25768,Sri Lanka,Soybeans,2000,9275,1712.0,1695.71,26.43
25769,Sri Lanka,Sweet potatoes,2000,62724,1712.0,1695.71,26.43
25770,Sri Lanka,Cassava,2001,85560,1712.0,1705.05,26.63
25771,Sri Lanka,Maize,2001,11182,1712.0,1705.05,26.63
25772,Sri Lanka,Plantains and others,2001,118178,1712.0,1705.05,26.63
25773,Sri Lanka,Potatoes,2001,135718,1712.0,1705.05,26.63
25774,Sri Lanka,"Rice, paddy",2001,35228,1712.0,1705.05,26.63
25775,Sri Lanka,Sorghum,2001,7143,1712.0,1705.05,26.63
25776,Sri Lanka,Soybeans,2001,9688,1712.0,1705.05,26.63
25777,Sri Lanka,Sweet potatoes,2001,61834,1712.0,1705.05,26.63
25778,Sri Lanka,Cassava,2002,85284,1712.0,1714.39,26.74
25779,Sri Lanka,Maize,2002,11282,1712.0,1714.39,26.74
25780,Sri Lanka,Plantains and others,2002,118000,1712.0,1714.39,26.74
25781,Sri Lanka,Potatoes,2002,134206,1712.0,1714.39,26.74
25782,Sri Lanka,"Rice, paddy",2002,34889,1712.0,1714.39,26.74
25783,Sri Lanka,Sorghum,2002,6818,1712.0,1714.39,26.74
25784,Sri Lanka,Soybeans,2002,9206,1712.0,1714.39,26.74
25785,Sri Lanka,Sweet potatoes,2002,61636,1712.0,1714.39,26.74
25786,Sri Lanka,Cassava,2004,95411,1712.0,1733.07,26.64
25787,Sri Lanka,Maize,2004,15023,1712.0,1733.07,26.64
25788,Sri Lanka,Plantains and others,2004,107185,1712.0,1733.07,26.64
25789,Sri Lanka,Potatoes,2004,148033,1712.0,1733.07,26.64
25790,Sri Lanka,"Rice, paddy",2004,36516,1712.0,1733.07,26.64
25791,Sri Lanka,Sorghum,2004,7714,1712.0,1733.07,26.64
25792,Sri Lanka,Soybeans,2004,14538,1712.0,1733.07,26.64
25793,Sri Lanka,Sweet potatoes,2004,61869,1712.0,1733.07,26.64
25794,Sri Lanka,Cassava,2005,95186,1712.0,1742.41,26.73
25795,Sri Lanka,Maize,2005,14713,1712.0,1742.41,26.73
25796,Sri Lanka,Plantains and others,2005,106604,1712.0,1742.41,26.73
25797,Sri Lanka,Potatoes,2005,141622,1712.0,1742.41,26.73
25798,Sri Lanka,"Rice, paddy",2005,35465,1712.0,1742.41,26.73
25799,Sri Lanka,Sorghum,2005,9583,1712.0,1742.41,26.73
25800,Sri Lanka,Soybeans,2005,16201,1712.0,1742.41,26.73
25801,Sri Lanka,Sweet potatoes,2005,62205,1712.0,1742.41,26.73
25802,Sri Lanka,Cassava,2006,95959,1712.0,1751.75,26.56
25803,Sri Lanka,Maize,2006,14853,1712.0,1751.75,26.56
25804,Sri Lanka,Plantains and others,2006,103250,1712.0,1751.75,26.56
25805,Sri Lanka,Potatoes,2006,148094,1712.0,1751.75,26.56
25806,Sri Lanka,"Rice, paddy",2006,36705,1712.0,1751.75,26.56
25807,Sri Lanka,Sorghum,2006,8500,1712.0,1751.75,26.56
25808,Sri Lanka,Soybeans,2006,16873,1712.0,1751.75,26.56
25809,Sri Lanka,Sweet potatoes,2006,62586,1712.0,1751.75,26.56
25810,Sri Lanka,Cassava,2007,97487,1712.0,1439.8,26.57
25811,Sri Lanka,Maize,2007,16508,1712.0,1439.8,26.57
25812,Sri Lanka,Plantains and others,2007,104962,1712.0,1439.8,26.57
25813,Sri Lanka,Potatoes,2007,145197,1712.0,1439.8,26.57
25814,Sri Lanka,"Rice, paddy",2007,38337,1712.0,1439.8,26.57
25815,Sri Lanka,Sorghum,2007,10000,1712.0,1439.8,26.57
25816,Sri Lanka,Soybeans,2007,16783,1712.0,1439.8,26.57
25817,Sri Lanka,Sweet potatoes,2007,75283,1712.0,1439.8,26.57
25818,Sri Lanka,Cassava,2008,100556,1712.0,1152.39,26.42
25819,Sri Lanka,Maize,2008,26337,1712.0,1152.39,26.42
25820,Sri Lanka,Plantains and others,2008,111141,1712.0,1152.39,26.42
25821,Sri Lanka,Potatoes,2008,145282,1712.0,1152.39,26.42
25822,Sri Lanka,"Rice, paddy",2008,36800,1712.0,1152.39,26.42
25823,Sri Lanka,Sorghum,2008,12353,1712.0,1152.39,26.42
25824,Sri Lanka,Soybeans,2008,24048,1712.0,1152.39,26.42
25825,Sri Lanka,Sweet potatoes,2008,81252,1712.0,1152.39,26.42
25826,Sri Lanka,Cassava,2009,116401,1712.0,1170.36,26.67
25827,Sri Lanka,Maize,2009,25515,1712.0,1170.36,26.67
25828,Sri Lanka,Plantains and others,2009,106511,1712.0,1170.36,26.67
25829,Sri Lanka,Potatoes,2009,149034,1712.0,1170.36,26.67
25830,Sri Lanka,"Rice, paddy",2009,38748,1712.0,1170.36,26.67
25831,Sri Lanka,Sorghum,2009,12857,1712.0,1170.36,26.67
25832,Sri Lanka,Soybeans,2009,22831,1712.0,1170.36,26.67
25833,Sri Lanka,Sweet potatoes,2009,78783,1712.0,1170.36,26.67
25834,Sri Lanka,Cassava,2010,120631,1712.0,1450.54,26.83
25835,Sri Lanka,Maize,2010,28061,1712.0,1450.54,26.83
25836,Sri Lanka,Plantains and others,2010,109294,1712.0,1450.54,26.83
25837,Sri Lanka,Potatoes,2010,135234,1712.0,1450.54,26.83
25838,Sri Lanka,"Rice, paddy",2010,40558,1712.0,1450.54,26.83
25839,Sri Lanka,Sorghum,2010,12500,1712.0,1450.54,26.83
25840,Sri Lanka,Soybeans,2010,16711,1712.0,1450.54,26.83
25841,Sri Lanka,Sweet potatoes,2010,79014,1712.0,1450.54,26.83
25842,Sri Lanka,Cassava,2011,120967,1712.0,1290.31,26.65
25843,Sri Lanka,Maize,2011,27262,1712.0,1290.31,26.65
25844,Sri Lanka,Plantains and others,2011,112892,1712.0,1290.31,26.65
25845,Sri Lanka,Potatoes,2011,132500,1712.0,1290.31,26.65
25846,Sri Lanka,"Rice, paddy",2011,35699,1712.0,1290.31,26.65
25847,Sri Lanka,Sorghum,2011,12857,1712.0,1290.31,26.65
25848,Sri Lanka,Soybeans,2011,15673,1712.0,1290.31,26.65
25849,Sri Lanka,Sweet potatoes,2011,81641,1712.0,1290.31,26.65
25850,Sri Lanka,Cassava,2012,121660,1712.0,1112.8,26.88
25851,Sri Lanka,Maize,2012,34187,1712.0,1112.8,26.88
25852,Sri Lanka,Plantains and others,2012,120475,1712.0,1112.8,26.88
25853,Sri Lanka,Potatoes,2012,155269,1712.0,1112.8,26.88
25854,Sri Lanka,"Rice, paddy",2012,36057,1712.0,1112.8,26.88
25855,Sri Lanka,Sorghum,2012,12857,1712.0,1112.8,26.88
25856,Sri Lanka,Soybeans,2012,10987,1712.0,1112.8,26.88
25857,Sri Lanka,Sweet potatoes,2012,78499,1712.0,1112.8,26.88
25858,Sri Lanka,Cassava,2013,126527,1712.0,1235.31,27.03
25859,Sri Lanka,Maize,2013,30868,1712.0,1235.31,27.03
25860,Sri Lanka,Plantains and others,2013,114222,1712.0,1235.31,27.03
25861,Sri Lanka,Potatoes,2013,153210,1712.0,1235.31,27.03
25862,Sri Lanka,"Rice, paddy",2013,38897,1712.0,1235.31,27.03
25863,Sri Lanka,Sorghum,2013,14227,1712.0,1235.31,27.03
25864,Sri Lanka,Soybeans,2013,16955,1712.0,1235.31,27.03
25865,Sri Lanka,Sweet potatoes,2013,93002,1712.0,1235.31,27.03
