id,device_id,timestamp,sensor_type,value,true_label,predicted_label,anomaly_score,anomaly_reason,prediction_reason
22239,device_001,2026-04-27 10:34:33.146566+00:00,ambient_temp,65.0,1,1,-0.004994591386857317,ambient_temperature_spike,physically_invalid_value
22242,device_001,2026-04-28 10:56:33.146566+00:00,ambient_temp,49.0,1,1,0.1033048043084156,in_range_ambient_temperature_spike,isolation_forest_outlier
22322,device_001,2026-05-02 19:38:33.146566+00:00,ambient_temp,36.0,1,1,0.10581855751541636,sensor_drift_pattern,isolation_forest_outlier
22323,device_001,2026-05-02 19:48:33.146566+00:00,ambient_temp,37.4,1,1,0.044037562935409946,sensor_drift_pattern,isolation_forest_outlier
22324,device_001,2026-05-02 19:58:33.146566+00:00,ambient_temp,38.8,1,1,0.04265320538285011,sensor_drift_pattern,isolation_forest_outlier
22325,device_001,2026-05-02 20:08:33.146566+00:00,ambient_temp,40.2,1,1,0.03869788015051889,sensor_drift_pattern,isolation_forest_outlier
22326,device_001,2026-05-02 20:18:33.146566+00:00,ambient_temp,41.6,1,1,0.03826955467757964,sensor_drift_pattern,isolation_forest_outlier
22327,device_001,2026-05-02 20:28:33.146566+00:00,ambient_temp,43.0,1,0,-0.020946875212404903,sensor_drift_pattern,normal_value
22328,device_001,2026-05-02 20:38:33.146566+00:00,ambient_temp,44.4,1,0,-0.020946875212404903,sensor_drift_pattern,normal_value
22329,device_001,2026-05-02 20:48:33.146566+00:00,ambient_temp,45.8,1,0,-0.020946875212404903,sensor_drift_pattern,normal_value
22330,device_001,2026-05-02 20:58:33.146566+00:00,ambient_temp,47.2,1,0,-0.020946875212404903,sensor_drift_pattern,normal_value
22331,device_001,2026-05-02 21:08:33.146566+00:00,ambient_temp,48.6,1,0,-0.019781346050107618,sensor_drift_pattern,normal_value
22332,device_001,2026-05-02 21:18:33.146566+00:00,ambient_temp,50.0,1,0,-0.019781346050107618,sensor_drift_pattern,normal_value
22333,device_001,2026-05-02 21:28:33.146566+00:00,ambient_temp,51.4,1,0,-0.019781346050107618,sensor_drift_pattern,normal_value
22233,device_001,2026-04-27 09:52:33.146566+00:00,humidity,140.0,1,1,0.002754499565487567,humidity_above_100,physically_invalid_value
22234,device_001,2026-04-27 09:59:33.146566+00:00,humidity,-5.0,1,1,0.11185959506817222,negative_humidity,physically_invalid_value
22243,device_001,2026-04-28 11:05:33.146566+00:00,humidity,99.0,1,1,0.09637686372131504,in_range_humidity_spike,isolation_forest_outlier
22270,device_001,2026-04-30 12:38:33.146566+00:00,humidity,77.77,1,1,0.06603644198638581,stuck_sensor_pattern,isolation_forest_outlier
22271,device_001,2026-04-30 12:43:33.146566+00:00,humidity,77.77,1,1,0.023541430746367387,stuck_sensor_pattern,isolation_forest_outlier
22272,device_001,2026-04-30 12:48:33.146566+00:00,humidity,77.77,1,1,0.023953300427784874,stuck_sensor_pattern,isolation_forest_outlier
22273,device_001,2026-04-30 12:53:33.146566+00:00,humidity,77.77,1,1,0.04556489209262038,stuck_sensor_pattern,isolation_forest_outlier
22274,device_001,2026-04-30 12:58:33.146566+00:00,humidity,77.77,1,0,-0.0791022349765943,stuck_sensor_pattern,normal_value
22275,device_001,2026-04-30 13:03:33.146566+00:00,humidity,77.77,1,0,-0.0076725543583398,stuck_sensor_pattern,normal_value
22276,device_001,2026-04-30 13:08:33.146566+00:00,humidity,77.77,1,0,-0.0076725543583398,stuck_sensor_pattern,normal_value
22277,device_001,2026-04-30 13:13:33.146566+00:00,humidity,77.77,1,0,-0.0076725543583398,stuck_sensor_pattern,normal_value
22278,device_001,2026-04-30 13:18:33.146566+00:00,humidity,77.77,1,0,-0.0076725543583398,stuck_sensor_pattern,normal_value
22279,device_001,2026-04-30 13:23:33.146566+00:00,humidity,77.77,1,0,-0.0076725543583398,stuck_sensor_pattern,normal_value
22280,device_001,2026-04-30 13:28:33.146566+00:00,humidity,77.77,1,0,-0.0076725543583398,stuck_sensor_pattern,normal_value
22281,device_001,2026-04-30 13:33:33.146566+00:00,humidity,77.77,1,0,-0.0076725543583398,stuck_sensor_pattern,normal_value
22282,device_001,2026-04-30 13:38:33.146566+00:00,humidity,77.77,1,0,-0.0076725543583398,stuck_sensor_pattern,normal_value
22283,device_001,2026-04-30 13:43:33.146566+00:00,humidity,77.77,1,0,-0.0076725543583398,stuck_sensor_pattern,normal_value
22284,device_001,2026-04-30 13:48:33.146566+00:00,humidity,77.77,1,0,-0.0076725543583398,stuck_sensor_pattern,normal_value
22285,device_001,2026-04-30 13:53:33.146566+00:00,humidity,77.77,1,0,-0.0076725543583398,stuck_sensor_pattern,normal_value
22286,device_001,2026-04-30 13:58:33.146566+00:00,humidity,77.77,1,0,-0.0076725543583398,stuck_sensor_pattern,normal_value
22287,device_001,2026-04-30 14:03:33.146566+00:00,humidity,77.77,1,0,-0.009063748615804168,stuck_sensor_pattern,normal_value
22235,device_001,2026-04-27 10:06:33.146566+00:00,pressure,500.0,1,1,0.0762226986331449,unrealistic_pressure_low,physically_invalid_value
22236,device_001,2026-04-27 10:13:33.146566+00:00,pressure,1300.0,1,1,0.06470871126115418,unrealistic_pressure_high,physically_invalid_value
22244,device_001,2026-04-28 11:14:33.146566+00:00,pressure,1090.0,1,1,0.07578952028989294,in_range_pressure_spike,isolation_forest_outlier
22288,device_001,2026-05-01 13:38:33.146566+00:00,pressure,1008.88,1,1,0.062387711736338836,stuck_sensor_pattern,isolation_forest_outlier
22289,device_001,2026-05-01 13:43:33.146566+00:00,pressure,1008.88,1,1,0.027190518240869932,stuck_sensor_pattern,isolation_forest_outlier
22290,device_001,2026-05-01 13:48:33.146566+00:00,pressure,1008.88,1,1,0.02801211064449738,stuck_sensor_pattern,isolation_forest_outlier
22291,device_001,2026-05-01 13:53:33.146566+00:00,pressure,1008.88,1,1,0.043520463488003425,stuck_sensor_pattern,isolation_forest_outlier
22292,device_001,2026-05-01 13:58:33.146566+00:00,pressure,1008.88,1,1,0.04492460493996875,stuck_sensor_pattern,isolation_forest_outlier
22293,device_001,2026-05-01 14:03:33.146566+00:00,pressure,1008.88,1,1,0.04287089171483238,stuck_sensor_pattern,isolation_forest_outlier
22294,device_001,2026-05-01 14:08:33.146566+00:00,pressure,1008.88,1,1,0.04287089171483238,stuck_sensor_pattern,isolation_forest_outlier
22295,device_001,2026-05-01 14:13:33.146566+00:00,pressure,1008.88,1,1,0.04287089171483238,stuck_sensor_pattern,isolation_forest_outlier
22296,device_001,2026-05-01 14:18:33.146566+00:00,pressure,1008.88,1,1,0.04287089171483238,stuck_sensor_pattern,isolation_forest_outlier
22297,device_001,2026-05-01 14:23:33.146566+00:00,pressure,1008.88,1,1,0.04287089171483238,stuck_sensor_pattern,isolation_forest_outlier
22298,device_001,2026-05-01 14:28:33.146566+00:00,pressure,1008.88,1,1,0.04287089171483238,stuck_sensor_pattern,isolation_forest_outlier
22299,device_001,2026-05-01 14:33:33.146566+00:00,pressure,1008.88,1,1,0.04287089171483238,stuck_sensor_pattern,isolation_forest_outlier
22300,device_001,2026-05-01 14:38:33.146566+00:00,pressure,1008.88,1,1,0.04287089171483238,stuck_sensor_pattern,isolation_forest_outlier
22301,device_001,2026-05-01 14:43:33.146566+00:00,pressure,1008.88,1,1,0.04287089171483238,stuck_sensor_pattern,isolation_forest_outlier
22302,device_001,2026-05-01 14:48:33.146566+00:00,pressure,1008.88,1,1,0.04287089171483238,stuck_sensor_pattern,isolation_forest_outlier
22303,device_001,2026-05-01 14:53:33.146566+00:00,pressure,1008.88,1,1,0.04287089171483238,stuck_sensor_pattern,isolation_forest_outlier
22304,device_001,2026-05-01 14:58:33.146566+00:00,pressure,1008.88,1,1,0.04287089171483238,stuck_sensor_pattern,isolation_forest_outlier
22305,device_001,2026-05-01 15:03:33.146566+00:00,pressure,1008.88,1,1,0.044908729478074116,stuck_sensor_pattern,isolation_forest_outlier
22231,device_001,2026-04-27 09:38:33.146566+00:00,soil_moisture,-10.0,1,1,0.07326543233107852,negative_soil_moisture,physically_invalid_value
22232,device_001,2026-04-27 09:45:33.146566+00:00,soil_moisture,120.0,1,1,0.05334758382028404,soil_moisture_above_100,physically_invalid_value
22240,device_001,2026-04-28 10:38:33.146566+00:00,soil_moisture,95.0,1,1,0.05947116176537093,in_range_soil_moisture_spike,isolation_forest_outlier
22246,device_001,2026-04-29 11:38:33.146566+00:00,soil_moisture,31.11,1,1,0.046649505993088036,stuck_sensor_pattern,isolation_forest_outlier
22247,device_001,2026-04-29 11:43:33.146566+00:00,soil_moisture,31.11,1,0,-0.0015870098236393515,stuck_sensor_pattern,normal_value
22248,device_001,2026-04-29 11:48:33.146566+00:00,soil_moisture,31.11,1,0,-0.0015870098236393515,stuck_sensor_pattern,normal_value
22249,device_001,2026-04-29 11:53:33.146566+00:00,soil_moisture,31.11,1,1,0.0016839522778167026,stuck_sensor_pattern,isolation_forest_outlier
22250,device_001,2026-04-29 11:58:33.146566+00:00,soil_moisture,31.11,1,0,-0.0015870098236393515,stuck_sensor_pattern,normal_value
22251,device_001,2026-04-29 12:03:33.146566+00:00,soil_moisture,31.11,1,1,0.0372971236647488,stuck_sensor_pattern,isolation_forest_outlier
22252,device_001,2026-04-29 12:08:33.146566+00:00,soil_moisture,31.11,1,1,0.0372971236647488,stuck_sensor_pattern,isolation_forest_outlier
22253,device_001,2026-04-29 12:13:33.146566+00:00,soil_moisture,31.11,1,1,0.0372971236647488,stuck_sensor_pattern,isolation_forest_outlier
22254,device_001,2026-04-29 12:18:33.146566+00:00,soil_moisture,31.11,1,1,0.0372971236647488,stuck_sensor_pattern,isolation_forest_outlier
22255,device_001,2026-04-29 12:23:33.146566+00:00,soil_moisture,31.11,1,1,0.0372971236647488,stuck_sensor_pattern,isolation_forest_outlier
22256,device_001,2026-04-29 12:28:33.146566+00:00,soil_moisture,31.11,1,1,0.0372971236647488,stuck_sensor_pattern,isolation_forest_outlier
22257,device_001,2026-04-29 12:33:33.146566+00:00,soil_moisture,31.11,1,1,0.0372971236647488,stuck_sensor_pattern,isolation_forest_outlier
22258,device_001,2026-04-29 12:38:33.146566+00:00,soil_moisture,31.11,1,1,0.0372971236647488,stuck_sensor_pattern,isolation_forest_outlier
22259,device_001,2026-04-29 12:43:33.146566+00:00,soil_moisture,31.11,1,1,0.0372971236647488,stuck_sensor_pattern,isolation_forest_outlier
22260,device_001,2026-04-29 12:48:33.146566+00:00,soil_moisture,31.11,1,1,0.0372971236647488,stuck_sensor_pattern,isolation_forest_outlier
22261,device_001,2026-04-29 12:53:33.146566+00:00,soil_moisture,31.11,1,1,0.0372971236647488,stuck_sensor_pattern,isolation_forest_outlier
22262,device_001,2026-04-29 12:58:33.146566+00:00,soil_moisture,31.11,1,1,0.0372971236647488,stuck_sensor_pattern,isolation_forest_outlier
22263,device_001,2026-04-29 13:03:33.146566+00:00,soil_moisture,31.11,1,1,0.03811974653278283,stuck_sensor_pattern,isolation_forest_outlier
22264,device_001,2026-04-29 13:08:33.146566+00:00,soil_moisture,31.11,1,1,0.03811974653278283,stuck_sensor_pattern,isolation_forest_outlier
22265,device_001,2026-04-29 13:13:33.146566+00:00,soil_moisture,31.11,1,1,0.03811974653278283,stuck_sensor_pattern,isolation_forest_outlier
22266,device_001,2026-04-29 13:18:33.146566+00:00,soil_moisture,31.11,1,1,0.03811974653278283,stuck_sensor_pattern,isolation_forest_outlier
22267,device_001,2026-04-29 13:23:33.146566+00:00,soil_moisture,31.11,1,1,0.03811974653278283,stuck_sensor_pattern,isolation_forest_outlier
22268,device_001,2026-04-29 13:28:33.146566+00:00,soil_moisture,31.11,1,1,0.03811974653278283,stuck_sensor_pattern,isolation_forest_outlier
22269,device_001,2026-04-29 13:33:33.146566+00:00,soil_moisture,31.11,1,1,0.03811974653278283,stuck_sensor_pattern,isolation_forest_outlier
22306,device_001,2026-05-02 15:38:33.146566+00:00,soil_moisture,45.0,1,0,-0.049488080533811596,sensor_drift_pattern,normal_value
22307,device_001,2026-05-02 15:48:33.146566+00:00,soil_moisture,47.2,1,0,-0.05015650771810143,sensor_drift_pattern,normal_value
22308,device_001,2026-05-02 15:58:33.146566+00:00,soil_moisture,49.4,1,0,-0.02511508499399895,sensor_drift_pattern,normal_value
22309,device_001,2026-05-02 16:08:33.146566+00:00,soil_moisture,51.6,1,0,-0.010768164576531847,sensor_drift_pattern,normal_value
22310,device_001,2026-05-02 16:18:33.146566+00:00,soil_moisture,53.8,1,0,-0.018318865718361277,sensor_drift_pattern,normal_value
22311,device_001,2026-05-02 16:28:33.146566+00:00,soil_moisture,56.0,1,0,-0.03520469044317742,sensor_drift_pattern,normal_value
22312,device_001,2026-05-02 16:38:33.146566+00:00,soil_moisture,58.2,1,0,-0.03520469044317742,sensor_drift_pattern,normal_value
22313,device_001,2026-05-02 16:48:33.146566+00:00,soil_moisture,60.4,1,0,-0.03520469044317742,sensor_drift_pattern,normal_value
22314,device_001,2026-05-02 16:58:33.146566+00:00,soil_moisture,62.6,1,0,-0.03520469044317742,sensor_drift_pattern,normal_value
22315,device_001,2026-05-02 17:08:33.146566+00:00,soil_moisture,64.8,1,0,-0.03450903124093252,sensor_drift_pattern,normal_value
22316,device_001,2026-05-02 17:18:33.146566+00:00,soil_moisture,67.0,1,0,-0.03450903124093252,sensor_drift_pattern,normal_value
22317,device_001,2026-05-02 17:28:33.146566+00:00,soil_moisture,69.2,1,0,-0.03450903124093252,sensor_drift_pattern,normal_value
22318,device_001,2026-05-02 17:38:33.146566+00:00,soil_moisture,71.4,1,0,-0.03450903124093252,sensor_drift_pattern,normal_value
22319,device_001,2026-05-02 17:48:33.146566+00:00,soil_moisture,73.6,1,0,-0.03450903124093252,sensor_drift_pattern,normal_value
22320,device_001,2026-05-02 17:58:33.146566+00:00,soil_moisture,75.8,1,0,-0.03450903124093252,sensor_drift_pattern,normal_value
22321,device_001,2026-05-02 18:08:33.146566+00:00,soil_moisture,78.0,1,0,-0.03389999666902599,sensor_drift_pattern,normal_value
22238,device_001,2026-04-27 10:27:33.146566+00:00,soil_temp,70.0,1,1,0.06444522715522116,soil_temperature_spike,physically_invalid_value
22241,device_001,2026-04-28 10:47:33.146566+00:00,soil_temp,53.0,1,1,0.0868149721200503,in_range_soil_temperature_spike,isolation_forest_outlier
22334,device_001,2026-05-03 09:38:33.146566+00:00,soil_temp,18.0,1,1,0.09168322565666176,unstable_sensor_noise,isolation_forest_outlier
22335,device_001,2026-05-03 09:43:33.146566+00:00,soil_temp,55.0,1,1,0.07220605856877671,unstable_sensor_noise,isolation_forest_outlier
22336,device_001,2026-05-03 09:48:33.146566+00:00,soil_temp,18.0,1,1,0.12335668716026693,unstable_sensor_noise,isolation_forest_outlier
22337,device_001,2026-05-03 09:53:33.146566+00:00,soil_temp,55.0,1,1,0.11631390863627833,unstable_sensor_noise,isolation_forest_outlier
22338,device_001,2026-05-03 09:58:33.146566+00:00,soil_temp,18.0,1,1,0.12430155637425244,unstable_sensor_noise,isolation_forest_outlier
22339,device_001,2026-05-03 10:03:33.146566+00:00,soil_temp,55.0,1,1,0.1161097670613217,unstable_sensor_noise,isolation_forest_outlier
22340,device_001,2026-05-03 10:08:33.146566+00:00,soil_temp,18.0,1,1,0.12534589030915866,unstable_sensor_noise,isolation_forest_outlier
22341,device_001,2026-05-03 10:13:33.146566+00:00,soil_temp,55.0,1,1,0.1161097670613217,unstable_sensor_noise,isolation_forest_outlier
22342,device_001,2026-05-03 10:18:33.146566+00:00,soil_temp,18.0,1,1,0.12534589030915866,unstable_sensor_noise,isolation_forest_outlier
22343,device_001,2026-05-03 10:23:33.146566+00:00,soil_temp,55.0,1,1,0.1161097670613217,unstable_sensor_noise,isolation_forest_outlier
22344,device_001,2026-05-03 10:28:33.146566+00:00,soil_temp,18.0,1,1,0.12534589030915866,unstable_sensor_noise,isolation_forest_outlier
22345,device_001,2026-05-03 10:33:33.146566+00:00,soil_temp,55.0,1,1,0.1161097670613217,unstable_sensor_noise,isolation_forest_outlier
22346,device_001,2026-05-03 10:38:33.146566+00:00,soil_temp,18.0,1,1,0.12534589030915866,unstable_sensor_noise,isolation_forest_outlier
22347,device_001,2026-05-03 10:43:33.146566+00:00,soil_temp,55.0,1,1,0.1161097670613217,unstable_sensor_noise,isolation_forest_outlier
22237,device_001,2026-04-27 10:20:33.146566+00:00,solar_radiation,200000.0,1,1,0.027882750666792355,solar_radiation_spike,physically_invalid_value
22245,device_001,2026-04-28 11:23:33.146566+00:00,solar_radiation,118000.0,1,1,0.11722160121469927,in_range_solar_spike,isolation_forest_outlier
22348,device_001,2026-05-03 12:38:33.146566+00:00,solar_radiation,100.0,1,1,0.12030163895005985,unstable_sensor_noise,isolation_forest_outlier
22349,device_001,2026-05-03 12:43:33.146566+00:00,solar_radiation,115000.0,1,1,0.10680223636165587,unstable_sensor_noise,isolation_forest_outlier
22350,device_001,2026-05-03 12:48:33.146566+00:00,solar_radiation,100.0,1,1,0.12030163895005985,unstable_sensor_noise,isolation_forest_outlier
22351,device_001,2026-05-03 12:53:33.146566+00:00,solar_radiation,115000.0,1,1,0.10870577544166404,unstable_sensor_noise,isolation_forest_outlier
22352,device_001,2026-05-03 12:58:33.146566+00:00,solar_radiation,100.0,1,1,0.11586706587517948,unstable_sensor_noise,isolation_forest_outlier
22353,device_001,2026-05-03 13:03:33.146566+00:00,solar_radiation,115000.0,1,1,0.09686038946584008,unstable_sensor_noise,isolation_forest_outlier
22354,device_001,2026-05-03 13:08:33.146566+00:00,solar_radiation,100.0,1,1,0.1174126984171956,unstable_sensor_noise,isolation_forest_outlier
22355,device_001,2026-05-03 13:13:33.146566+00:00,solar_radiation,115000.0,1,1,0.09686038946584008,unstable_sensor_noise,isolation_forest_outlier
22356,device_001,2026-05-03 13:18:33.146566+00:00,solar_radiation,100.0,1,1,0.1174126984171956,unstable_sensor_noise,isolation_forest_outlier
22357,device_001,2026-05-03 13:23:33.146566+00:00,solar_radiation,115000.0,1,1,0.09686038946584008,unstable_sensor_noise,isolation_forest_outlier
22358,device_001,2026-05-03 13:28:33.146566+00:00,solar_radiation,100.0,1,1,0.1174126984171956,unstable_sensor_noise,isolation_forest_outlier
22359,device_001,2026-05-03 13:33:33.146566+00:00,solar_radiation,115000.0,1,1,0.09686038946584008,unstable_sensor_noise,isolation_forest_outlier
22360,device_001,2026-05-03 13:38:33.146566+00:00,solar_radiation,100.0,1,1,0.1174126984171956,unstable_sensor_noise,isolation_forest_outlier
22361,device_001,2026-05-03 13:43:33.146566+00:00,solar_radiation,115000.0,1,1,0.09686038946584008,unstable_sensor_noise,isolation_forest_outlier
