id,device_id,timestamp,sensor_type,value,true_label,anomaly_reason
1,device_001,2026-04-28T10:00:00Z,humidity,140,1,humidity_above_100
2,device_001,2026-04-28T10:05:00Z,soil_moisture,-10,1,negative_soil_moisture
3,device_001,2026-04-28T10:10:00Z,solar_radiation,200000,1,solar_radiation_spike
4,device_001,2026-04-28T10:15:00Z,pressure,500,1,unrealistic_pressure_low
5,device_001,2026-04-28T10:20:00Z,soil_temp,60,1,soil_temperature_spike
6,device_001,2026-04-28T10:25:00Z,ambient_temp,55,1,ambient_temperature_spike
7,device_001,2026-04-28T10:30:00Z,soil_moisture,31.11,1,stuck_sensor_pattern
8,device_001,2026-04-28T10:35:00Z,soil_moisture,31.11,1,stuck_sensor_pattern
9,device_001,2026-04-28T10:40:00Z,soil_moisture,31.11,1,stuck_sensor_pattern
10,device_001,2026-04-28T10:45:00Z,soil_moisture,31.11,1,stuck_sensor_pattern
11,device_001,2026-04-28T11:00:00Z,humidity,75,0,normal
12,device_001,2026-04-28T11:05:00Z,soil_moisture,35,0,normal
13,device_001,2026-04-28T11:10:00Z,solar_radiation,65000,0,normal_daylight
14,device_001,2026-04-28T11:15:00Z,pressure,1008,0,normal
15,device_001,2026-04-28T11:20:00Z,soil_temp,30,0,normal
16,device_001,2026-04-28T11:25:00Z,ambient_temp,32,0,normal
17,device_001,2026-04-28T11:30:00Z,humidity,88,0,normal
18,device_001,2026-04-28T11:35:00Z,soil_moisture,42,0,normal
19,device_001,2026-04-28T11:40:00Z,solar_radiation,500,0,normal_low_light
20,device_001,2026-04-28T11:45:00Z,pressure,1002,0,normal
21,device_001,2026-04-28T12:00:00Z,humidity,130,1,humidity_above_100
22,device_001,2026-04-28T12:05:00Z,soil_moisture,105,1,soil_moisture_above_100
23,device_001,2026-04-28T12:10:00Z,solar_radiation,180000,1,solar_radiation_spike
24,device_001,2026-04-28T12:15:00Z,pressure,1200,1,unrealistic_pressure_high
25,device_001,2026-04-28T12:20:00Z,soil_temp,-5,1,negative_soil_temperature
26,device_001,2026-04-28T12:25:00Z,ambient_temp,-3,1,negative_ambient_temperature
27,device_001,2026-04-28T12:30:00Z,humidity,65,0,normal
28,device_001,2026-04-28T12:35:00Z,soil_moisture,29,0,normal
29,device_001,2026-04-28T12:40:00Z,solar_radiation,72000,0,normal_daylight
30,device_001,2026-04-28T12:45:00Z,pressure,1010,0,normal
31,device_001,2026-04-28T13:00:00Z,soil_temp,33,0,normal
32,device_001,2026-04-28T13:05:00Z,ambient_temp,35,0,normal
33,device_001,2026-04-28T13:10:00Z,humidity,70,0,normal
34,device_001,2026-04-28T13:15:00Z,soil_moisture,38,0,normal
35,device_001,2026-04-28T13:20:00Z,solar_radiation,80000,0,normal_daylight
36,device_001,2026-04-28T13:25:00Z,pressure,1005,0,normal
37,device_001,2026-04-28T13:30:00Z,humidity,145,1,humidity_above_100
38,device_001,2026-04-28T13:35:00Z,soil_moisture,-2,1,negative_soil_moisture
39,device_001,2026-04-28T13:40:00Z,solar_radiation,150000,1,solar_radiation_spike
40,device_001,2026-04-28T13:45:00Z,pressure,700,1,unrealistic_pressure_low
41,device_001,2026-04-28T14:00:00Z,soil_temp,28,0,normal
42,device_001,2026-04-28T14:05:00Z,ambient_temp,31,0,normal
43,device_001,2026-04-28T14:10:00Z,humidity,78,0,normal
44,device_001,2026-04-28T14:15:00Z,soil_moisture,36,0,normal
45,device_001,2026-04-28T14:20:00Z,solar_radiation,60000,0,normal_daylight
46,device_001,2026-04-28T14:25:00Z,pressure,1009,0,normal
47,device_001,2026-04-28T14:30:00Z,ambient_temp,58,1,ambient_temperature_spike
48,device_001,2026-04-28T14:35:00Z,soil_temp,63,1,soil_temperature_spike
49,device_001,2026-04-28T14:40:00Z,humidity,82,0,normal
50,device_001,2026-04-28T14:45:00Z,soil_moisture,40,0,normal
